#
# There is insufficient memory for the Java Runtime Environment to continue.
# Native memory allocation (mmap) failed to map 65536 bytes. Error detail: Failed to commit metaspace.
# Possible reasons:
#   The system is out of physical RAM or swap space
#   This process is running with CompressedOops enabled, and the Java Heap may be blocking the growth of the native heap
# Possible solutions:
#   Reduce memory load on the system
#   Increase physical memory or swap space
#   Check if swap backing store is full
#   Decrease Java heap size (-Xmx/-Xms)
#   Decrease number of Java threads
#   Decrease Java thread stack sizes (-Xss)
#   Set larger code cache with -XX:ReservedCodeCacheSize=
#   JVM is running with Unscaled Compressed Oops mode in which the Java heap is
#     placed in the first 4GB address space. The Java Heap base address is the
#     maximum limit for the native heap growth. Please use -XX:HeapBaseMinAddress
#     to set the Java Heap base and to place the Java Heap above 4GB virtual address.
# This output file may be truncated or incomplete.
#
#  Out of Memory Error (virtualSpaceNode.cpp:112), pid=10664, tid=3856
#
# JRE version: Java(TM) SE Runtime Environment (22.0.2+9) (build 22.0.2+9-70)
# Java VM: Java HotSpot(TM) 64-Bit Server VM (22.0.2+9-70, mixed mode, emulated-client, sharing, tiered, compressed oops, compressed class ptrs, g1 gc, windows-amd64)
# No core dump will be written. Minidumps are not enabled by default on client versions of Windows
#

---------------  S U M M A R Y ------------

Command Line: -XX:TieredStopAtLevel=1 -Dspring.output.ansi.enabled=always -Dcom.sun.management.jmxremote -Dspring.jmx.enabled=true -Dspring.liveBeansView.mbeanDomain -Dspring.application.admin.enabled=true -Dmanagement.endpoints.jmx.exposure.include=* -javaagent:D:\HK1 nam4\LapTrinhWWW\IntelliJ IDEA 2024.3\lib\idea_rt.jar=52661:D:\HK1 nam4\LapTrinhWWW\IntelliJ IDEA 2024.3\bin -Dfile.encoding=UTF-8 -Dsun.stdout.encoding=UTF-8 -Dsun.stderr.encoding=UTF-8 com.cart.cartservice.CartServiceApplication

Host: Intel(R) Core(TM) i3-6006U CPU @ 2.00GHz, 4 cores, 3G,  Windows 10 , 64 bit Build 19041 (10.0.19041.5794)
Time: Wed May 21 23:25:39 2025 SE Asia Standard Time elapsed time: 46.286310 seconds (0d 0h 0m 46s)

---------------  T H R E A D  ---------------

Current thread (0x000001c6a27aa2e0):  JavaThread "main"             [_thread_in_vm, id=3856, stack(0x000000033ac00000,0x000000033ad00000) (1024K)]

Stack: [0x000000033ac00000,0x000000033ad00000]
Native frames: (J=compiled Java code, j=interpreted, Vv=VM code, C=native code)
V  [jvm.dll+0x6e26e9]  (no source info available)
V  [jvm.dll+0x875753]  (no source info available)
V  [jvm.dll+0x877b7e]  (no source info available)
V  [jvm.dll+0x878253]  (no source info available)
V  [jvm.dll+0x27fc86]  (no source info available)
V  [jvm.dll+0x87139e]  (no source info available)
V  [jvm.dll+0x685755]  (no source info available)
V  [jvm.dll+0x1e3cdc]  (no source info available)
V  [jvm.dll+0x1e3aae]  (no source info available)
V  [jvm.dll+0x6880a8]  (no source info available)
V  [jvm.dll+0x224f6c]  (no source info available)
V  [jvm.dll+0x68616e]  (no source info available)
V  [jvm.dll+0x26b0a0]  (no source info available)
V  [jvm.dll+0x215bb7]  (no source info available)
V  [jvm.dll+0x20b3ae]  (no source info available)
V  [jvm.dll+0x5c4a8f]  (no source info available)
V  [jvm.dll+0x7ec826]  (no source info available)
V  [jvm.dll+0x47ce96]  (no source info available)
V  [jvm.dll+0x482d48]  (no source info available)
C  [java.dll+0x17e4]  (no source info available)
C  0x000001c6aae9c38c  (no source info available)

The last pc belongs to native nmethod (printed below).
Java frames: (J=compiled Java code, j=interpreted, Vv=VM code)
J 1681  java.lang.ClassLoader.defineClass1(Ljava/lang/ClassLoader;Ljava/lang/String;[BIILjava/security/ProtectionDomain;Ljava/lang/String;)Ljava/lang/Class; java.base@22.0.2 (0 bytes) @ 0x000001c6aae9c2f1 [0x000001c6aae9c220+0x00000000000000d1]
J 1633 c1 java.lang.ClassLoader.defineClass(Ljava/lang/String;[BIILjava/security/ProtectionDomain;)Ljava/lang/Class; java.base@22.0.2 (43 bytes) @ 0x000001c6aae84cfc [0x000001c6aae84be0+0x000000000000011c]
J 1634 c1 jdk.internal.loader.BuiltinClassLoader.defineClass(Ljava/lang/String;Ljdk/internal/loader/Resource;)Ljava/lang/Class; java.base@22.0.2 (121 bytes) @ 0x000001c6aae85814 [0x000001c6aae852c0+0x0000000000000554]
J 1625 c1 jdk.internal.loader.BuiltinClassLoader.findClassOnClassPathOrNull(Ljava/lang/String;)Ljava/lang/Class; java.base@22.0.2 (64 bytes) @ 0x000001c6aae8242c [0x000001c6aae82160+0x00000000000002cc]
J 1315 c1 jdk.internal.loader.BuiltinClassLoader.loadClassOrNull(Ljava/lang/String;Z)Ljava/lang/Class; java.base@22.0.2 (143 bytes) @ 0x000001c6aadf3adc [0x000001c6aadf36e0+0x00000000000003fc]
J 1420 c1 jdk.internal.loader.ClassLoaders$AppClassLoader.loadClass(Ljava/lang/String;Z)Ljava/lang/Class; java.base@22.0.2 (40 bytes) @ 0x000001c6aae23d8c [0x000001c6aae23d40+0x000000000000004c]
J 1417 c1 java.lang.ClassLoader.loadClass(Ljava/lang/String;)Ljava/lang/Class; java.base@22.0.2 (7 bytes) @ 0x000001c6aae232f4 [0x000001c6aae232a0+0x0000000000000054]
v  ~StubRoutines::call_stub 0x000001c6aaaf100d
J 3468  java.lang.Class.getDeclaredConstructors0(Z)[Ljava/lang/reflect/Constructor; java.base@22.0.2 (0 bytes) @ 0x000001c6ab159d73 [0x000001c6ab159d20+0x0000000000000053]
J 913 c1 java.lang.Class.privateGetDeclaredConstructors(Z)[Ljava/lang/reflect/Constructor; java.base@22.0.2 (79 bytes) @ 0x000001c6aad59fb4 [0x000001c6aad59e60+0x0000000000000154]
J 951 c1 java.lang.Class.getConstructor0([Ljava/lang/Class;I)Ljava/lang/reflect/Constructor; java.base@22.0.2 (83 bytes) @ 0x000001c6aad6a9a4 [0x000001c6aad6a820+0x0000000000000184]
J 4598 c1 java.lang.Class.getConstructor([Ljava/lang/Class;)Ljava/lang/reflect/Constructor; java.base@22.0.2 (31 bytes) @ 0x000001c6ab358aec [0x000001c6ab358980+0x000000000000016c]
j  java.util.ServiceLoader$1.run()Ljava/lang/reflect/Constructor;+8 java.base@22.0.2
j  java.util.ServiceLoader$1.run()Ljava/lang/Object;+1 java.base@22.0.2
J 5111 c1 java.security.AccessController.doPrivileged(Ljava/security/PrivilegedExceptionAction;)Ljava/lang/Object; java.base@22.0.2 (22 bytes) @ 0x000001c6ab42f3b4 [0x000001c6ab42f360+0x0000000000000054]
j  java.util.ServiceLoader.getConstructor(Ljava/lang/Class;)Ljava/lang/reflect/Constructor;+13 java.base@22.0.2
j  java.util.ServiceLoader$LazyClassPathLookupIterator.hasNextService()Z+59 java.base@22.0.2
j  java.util.ServiceLoader$LazyClassPathLookupIterator.hasNext()Z+11 java.base@22.0.2
j  java.util.ServiceLoader$2.hasNext()Z+16 java.base@22.0.2
j  java.util.ServiceLoader$3.hasNext()Z+32 java.base@22.0.2
j  org.hibernate.bytecode.internal.BytecodeProviderInitiator.getBytecodeProvider(Ljava/lang/Iterable;)Lorg/hibernate/bytecode/spi/BytecodeProvider;+8
j  org.hibernate.bytecode.internal.BytecodeProviderInitiator.buildDefaultBytecodeProvider()Lorg/hibernate/bytecode/spi/BytecodeProvider;+10
j  org.hibernate.jpa.internal.enhance.EnhancingClassTransformerImpl.<init>(Lorg/hibernate/bytecode/enhance/spi/EnhancementContext;)V+37
j  org.hibernate.jpa.boot.internal.PersistenceUnitInfoDescriptor.pushClassTransformer(Lorg/hibernate/bytecode/enhance/spi/EnhancementContext;)V+80
j  org.springframework.orm.jpa.vendor.SpringHibernateJpaPersistenceProvider$1.pushClassTransformer(Lorg/hibernate/bytecode/enhance/spi/EnhancementContext;)V+8
j  org.hibernate.jpa.boot.internal.EntityManagerFactoryBuilderImpl.<init>(Lorg/hibernate/jpa/boot/spi/PersistenceUnitDescriptor;Ljava/util/Map;Ljava/lang/ClassLoader;Lorg/hibernate/boot/registry/classloading/spi/ClassLoaderService;Ljava/util/function/Consumer;)V+533
j  org.hibernate.jpa.boot.internal.EntityManagerFactoryBuilderImpl.<init>(Lorg/hibernate/jpa/boot/spi/PersistenceUnitDescriptor;Ljava/util/Map;)V+6
j  org.springframework.orm.jpa.vendor.SpringHibernateJpaPersistenceProvider.createContainerEntityManagerFactory(Ljakarta/persistence/spi/PersistenceUnitInfo;Ljava/util/Map;)Ljakarta/persistence/EntityManagerFactory;+56
j  org.springframework.orm.jpa.LocalContainerEntityManagerFactoryBean.createNativeEntityManagerFactory()Ljakarta/persistence/EntityManagerFactory;+111
j  org.springframework.orm.jpa.AbstractEntityManagerFactoryBean.buildNativeEntityManagerFactory()Ljakarta/persistence/EntityManagerFactory;+1
j  org.springframework.orm.jpa.AbstractEntityManagerFactoryBean.afterPropertiesSet()V+192
j  org.springframework.orm.jpa.LocalContainerEntityManagerFactoryBean.afterPropertiesSet()V+81
j  org.springframework.beans.factory.support.AbstractAutowireCapableBeanFactory.invokeInitMethods(Ljava/lang/String;Ljava/lang/Object;Lorg/springframework/beans/factory/support/RootBeanDefinition;)V+56
j  org.springframework.beans.factory.support.AbstractAutowireCapableBeanFactory.initializeBean(Ljava/lang/String;Ljava/lang/Object;Lorg/springframework/beans/factory/support/RootBeanDefinition;)Ljava/lang/Object;+34
j  org.springframework.beans.factory.support.AbstractAutowireCapableBeanFactory.doCreateBean(Ljava/lang/String;Lorg/springframework/beans/factory/support/RootBeanDefinition;[Ljava/lang/Object;)Ljava/lang/Object;+228
j  org.springframework.beans.factory.support.AbstractAutowireCapableBeanFactory.createBean(Ljava/lang/String;Lorg/springframework/beans/factory/support/RootBeanDefinition;[Ljava/lang/Object;)Ljava/lang/Object;+153
j  org.springframework.beans.factory.support.AbstractBeanFactory.lambda$doGetBean$0(Ljava/lang/String;Lorg/springframework/beans/factory/support/RootBeanDefinition;[Ljava/lang/Object;)Ljava/lang/Object;+4
j  org.springframework.beans.factory.support.AbstractBeanFactory$$Lambda+0x000001c6b235b238.getObject()Ljava/lang/Object;+16
j  org.springframework.beans.factory.support.DefaultSingletonBeanRegistry.getSingleton(Ljava/lang/String;Lorg/springframework/beans/factory/ObjectFactory;)Ljava/lang/Object;+687
J 3786 c1 org.springframework.beans.factory.support.AbstractBeanFactory.doGetBean(Ljava/lang/String;Ljava/lang/Class;[Ljava/lang/Object;Z)Ljava/lang/Object; (787 bytes) @ 0x000001c6ab1ee7dc [0x000001c6ab1ee120+0x00000000000006bc]
J 3570 c1 org.springframework.beans.factory.support.AbstractBeanFactory.getBean(Ljava/lang/String;Ljava/lang/Class;)Ljava/lang/Object; (9 bytes) @ 0x000001c6ab18f2f4 [0x000001c6ab18f2a0+0x0000000000000054]
j  org.springframework.context.support.AbstractApplicationContext.finishBeanFactoryInitialization(Lorg/springframework/beans/factory/config/ConfigurableListableBeanFactory;)V+220
j  org.springframework.context.support.AbstractApplicationContext.refresh()V+94
j  org.springframework.boot.web.servlet.context.ServletWebServerApplicationContext.refresh()V+1
j  org.springframework.boot.SpringApplication.refresh(Lorg/springframework/context/ConfigurableApplicationContext;)V+1
j  org.springframework.boot.SpringApplication.refreshContext(Lorg/springframework/context/ConfigurableApplicationContext;)V+19
j  org.springframework.boot.SpringApplication.run([Ljava/lang/String;)Lorg/springframework/context/ConfigurableApplicationContext;+113
j  org.springframework.boot.SpringApplication.run([Ljava/lang/Class;[Ljava/lang/String;)Lorg/springframework/context/ConfigurableApplicationContext;+9
j  org.springframework.boot.SpringApplication.run(Ljava/lang/Class;[Ljava/lang/String;)Lorg/springframework/context/ConfigurableApplicationContext;+9
j  com.cart.cartservice.CartServiceApplication.main([Ljava/lang/String;)V+3
v  ~StubRoutines::call_stub 0x000001c6aaaf100d

Compiled method (n/a) 47767 1681     n 0       java.lang.ClassLoader::defineClass1 (native)
 total in heap  [0x000001c6aae9c090,0x000001c6aae9c6d0] = 1600
 relocation     [0x000001c6aae9c1e8,0x000001c6aae9c220] = 56
 main code      [0x000001c6aae9c220,0x000001c6aae9c6cf] = 1199
 stub code      [0x000001c6aae9c6cf,0x000001c6aae9c6d0] = 1

[Constant Pool (empty)]

[MachCode]
[Entry Point]
  # {method} {0x000001c6b13ff260} 'defineClass1' '(Ljava/lang/ClassLoader;Ljava/lang/String;[BIILjava/security/ProtectionDomain;Ljava/lang/String;)Ljava/lang/Class;' in 'java/lang/ClassLoader'
  # parm0:    rdx:rdx   = 'java/lang/ClassLoader'
  # parm1:    r8:r8     = 'java/lang/String'
  # parm2:    r9:r9     = '[B'
  # parm3:    rdi       = int
  # parm4:    rsi       = int
  # parm5:    rcx:rcx   = 'java/security/ProtectionDomain'
  # parm6:    [sp+0xa0]   = 'java/lang/String'  (sp of caller)
  0x000001c6aae9c220: 448b 5208 | 49bb 0000 | 00b1 c601 | 0000 4d03 | d349 3bc2 | 0f84 0600 

  0x000001c6aae9c238: ;   {runtime_call ic_miss_stub}
  0x000001c6aae9c238: 0000 e941 | 25ca ff90 
[Verified Entry Point]
  0x000001c6aae9c240: 8984 2400 | 80ff ff55 | 488b ec48 | 81ec 9000 | 0000 6690 | 4181 7f20 | 0500 0000 

  0x000001c6aae9c25c: ;   {runtime_call StubRoutines (final stubs)}
  0x000001c6aae9c25c: 7405 e87d | 8ac8 ff48 | 837d 1000 | 488d 4510 | 480f 4445 | 1048 8944 | 2440 4889 | 4c24 7048 
  0x000001c6aae9c27c: 83f9 0048 | 8d44 2470 | 480f 4444 | 2470 4889 | 4424 3848 | 8974 2430 | 4889 7c24 | 284c 894c 
  0x000001c6aae9c29c: 2458 4983 | f900 488d | 4424 5848 | 0f44 4424 | 5848 8944 | 2420 4c89 | 4424 5049 | 83f8 004c 
  0x000001c6aae9c2bc: 8d4c 2450 | 4c0f 444c | 2450 4889 | 5424 4848 | 83fa 004c | 8d44 2448 | 4c0f 4444 

  0x000001c6aae9c2d8: ;   {oop(a 'java/lang/Class'{0x00000000c4fb8590} = 'java/lang/ClassLoader')}
  0x000001c6aae9c2d8: 2448 49be | 9085 fbc4 | 0000 0000 | 4c89 7424 | 784c 8d74 | 2478 498b | d6c5 f877 

  0x000001c6aae9c2f4: ;   {internal_word}
  0x000001c6aae9c2f4: 49ba f1c2 | e9aa c601 | 0000 4d89 | 97a8 0300 | 0049 89a7 | a003 0000 

  0x000001c6aae9c30c: ;   {external_word}
  0x000001c6aae9c30c: 49ba 6c40 | 60c9 fc7f | 0000 4180 | 3a00 0f84 | 4e00 0000 | 5241 5041 

  0x000001c6aae9c324: ;   {metadata({method} {0x000001c6b13ff260} 'defineClass1' '(Ljava/lang/ClassLoader;Ljava/lang/String;[BIILjava/security/ProtectionDomain;Ljava/lang/String;)Ljava/lang/Class;' in 'java/lang/ClassLoader')}
  0x000001c6aae9c324: 5148 ba58 | f23f b1c6 | 0100 0049 | 8bcf 4883 | ec20 40f6 | c40f 0f84 | 1900 0000 | 4883 ec08 
  0x000001c6aae9c344: ;   {runtime_call}
  0x000001c6aae9c344: 48b8 80b9 | 10c9 fc7f | 0000 ffd0 | 4883 c408 | e90c 0000 

  0x000001c6aae9c358: ;   {runtime_call}
  0x000001c6aae9c358: 0048 b880 | b910 c9fc | 7f00 00ff | d048 83c4 | 2041 5941 | 585a 498d | 8fc0 0300 | 0041 c787 
  0x000001c6aae9c378: 5404 0000 | 0400 0000 

  0x000001c6aae9c380: ;   {runtime_call}
  0x000001c6aae9c380: 48b8 a416 | ddef fc7f | 0000 ffd0 | c5f8 7741 | c787 5404 | 0000 0500 | 0000 f083 | 4424 c000 
  0x000001c6aae9c3a0: 493b af58 | 0400 000f | 870e 0000 | 0041 83bf | 5004 0000 | 000f 842b | 0000 00c5 | f877 4889 
  0x000001c6aae9c3c0: 45f8 498b | cf4c 8be4 | 4883 ec20 | 4883 e4f0 

  0x000001c6aae9c3d0: ;   {runtime_call}
  0x000001c6aae9c3d0: 48b8 4023 | dbc8 fc7f | 0000 ffd0 | 498b e44d | 33e4 488b | 45f8 41c7 | 8754 0400 | 0008 0000 
  0x000001c6aae9c3f0: 0041 83bf | d004 0000 | 020f 84a3 

  0x000001c6aae9c3fc: ;   {external_word}
  0x000001c6aae9c3fc: 0200 0049 | ba6c 4060 | c9fc 7f00 | 0041 803a | 000f 844c | 0000 0048 

  0x000001c6aae9c414: ;   {metadata({method} {0x000001c6b13ff260} 'defineClass1' '(Ljava/lang/ClassLoader;Ljava/lang/String;[BIILjava/security/ProtectionDomain;Ljava/lang/String;)Ljava/lang/Class;' in 'java/lang/ClassLoader')}
  0x000001c6aae9c414: 8945 f848 | ba58 f23f | b1c6 0100 | 0049 8bcf | 4883 ec20 | 40f6 c40f | 0f84 1900 | 0000 4883 
  0x000001c6aae9c434: ;   {runtime_call}
  0x000001c6aae9c434: ec08 48b8 | 80b9 10c9 | fc7f 0000 | ffd0 4883 | c408 e90c 

  0x000001c6aae9c448: ;   {runtime_call}
  0x000001c6aae9c448: 0000 0048 | b880 b910 | c9fc 7f00 | 00ff d048 | 83c4 2048 | 8b45 f849 | c787 a003 | 0000 0000 
  0x000001c6aae9c468: 0000 49c7 | 87a8 0300 | 0000 0000 | 00c5 f877 | 4885 c00f | 84fe 0100 | 00a8 030f | 8508 0000 
  0x000001c6aae9c488: 0048 8b00 | e9ee 0100 | 00a8 010f | 8509 0000 | 0048 8b40 | fee9 dd01 | 0000 488b | 40ff 4180 
  0x000001c6aae9c4a8: 7f38 000f | 84ce 0100 | 0048 83f8 | 000f 84c4 | 0100 0049 | 8b4f 2848 | 83f9 000f | 8414 0000 
  0x000001c6aae9c4c8: 0048 83e9 | 0849 894f | 2849 034f | 3048 8901 | e9a2 0100 | 0048 81ec | d000 0000 | 4889 0424 
  0x000001c6aae9c4e8: 4889 4c24 | 0848 8954 | 2410 4889 | 7424 1848 | 897c 2420 | 4c89 4424 | 284c 894c | 2430 4c89 
  0x000001c6aae9c508: 5424 384c | 895c 2440 | c5fb 1144 | 2450 c5fb | 114c 2458 | c5fb 1154 | 2460 c5fb | 115c 2468 
  0x000001c6aae9c528: c5fb 1164 | 2470 c5fb | 116c 2478 | c5fb 11b4 | 2480 0000 | 00c5 fb11 | bc24 8800 | 0000 c57b 
  0x000001c6aae9c548: ;   {no_reloc}
  0x000001c6aae9c548: 1184 2490 | 0000 00c5 | 7b11 8c24 | 9800 0000 | c57b 1194 | 24a0 0000 | 00c5 7b11 | 9c24 a800 
  0x000001c6aae9c568: 0000 c57b | 11a4 24b0 | 0000 00c5 | 7b11 ac24 | b800 0000 | c57b 11b4 | 24c0 0000 | 00c5 7b11 
  0x000001c6aae9c588: bc24 c800 | 0000 498b | d748 8bc8 | 4883 ec20 | 40f6 c40f | 0f84 1900 | 0000 4883 

  0x000001c6aae9c5a4: ;   {runtime_call}
  0x000001c6aae9c5a4: ec08 48b8 | 303f cec8 | fc7f 0000 | ffd0 4883 | c408 e90c 

  0x000001c6aae9c5b8: ;   {runtime_call}
  0x000001c6aae9c5b8: 0000 0048 | b830 3fce | c8fc 7f00 | 00ff d048 | 83c4 20c5 | 7b10 bc24 | c800 0000 | c57b 10b4 
  0x000001c6aae9c5d8: 24c0 0000 | 00c5 7b10 | ac24 b800 | 0000 c57b | 10a4 24b0 | 0000 00c5 | 7b10 9c24 | a800 0000 
  0x000001c6aae9c5f8: c57b 1094 | 24a0 0000 | 00c5 7b10 | 8c24 9800 | 0000 c57b | 1084 2490 | 0000 00c5 | fb10 bc24 
  0x000001c6aae9c618: 8800 0000 | c5fb 10b4 | 2480 0000 | 00c5 fb10 | 6c24 78c5 | fb10 6424 | 70c5 fb10 | 5c24 68c5 
  0x000001c6aae9c638: fb10 5424 | 60c5 fb10 | 4c24 58c5 | fb10 4424 | 504c 8b5c | 2440 4c8b | 5424 384c | 8b4c 2430 
  0x000001c6aae9c658: 4c8b 4424 | 2848 8b7c | 2420 488b | 7424 1848 | 8b54 2410 | 488b 4c24 | 0848 8b04 | 2448 81c4 
  0x000001c6aae9c678: d000 0000 | c5f8 7749 | 8b8f 3004 | 0000 c781 | 0001 0000 | 0000 0000 | c949 837f | 0800 0f85 
  0x000001c6aae9c698: 0100 0000 

  0x000001c6aae9c69c: ;   {runtime_call StubRoutines (initial stubs)}
  0x000001c6aae9c69c: c3e9 5e48 | c5ff c5f8 | 7748 8945 | f84c 8be4 | 4883 ec20 | 4883 e4f0 

  0x000001c6aae9c6b4: ;   {runtime_call}
  0x000001c6aae9c6b4: 48b8 d0f1 | 10c9 fc7f | 0000 ffd0 | 498b e44d | 33e4 488b | 45f8 e930 | fdff fff4 
[/MachCode]


Compiled method (c1) 47840 1633       1       java.lang.ClassLoader::defineClass (43 bytes)
 total in heap  [0x000001c6aae84a10,0x000001c6aae84fd0] = 1472
 relocation     [0x000001c6aae84b68,0x000001c6aae84bd8] = 112
 main code      [0x000001c6aae84be0,0x000001c6aae84da0] = 448
 stub code      [0x000001c6aae84da0,0x000001c6aae84e18] = 120
 metadata       [0x000001c6aae84e18,0x000001c6aae84e48] = 48
 scopes data    [0x000001c6aae84e48,0x000001c6aae84f00] = 184
 scopes pcs     [0x000001c6aae84f00,0x000001c6aae84fa0] = 160
 dependencies   [0x000001c6aae84fa0,0x000001c6aae84fa8] = 8
 nul chk table  [0x000001c6aae84fa8,0x000001c6aae84fd0] = 40

[Constant Pool (empty)]

[MachCode]
[Entry Point]
  # {method} {0x000001c6b13ff5e0} 'defineClass' '(Ljava/lang/String;[BIILjava/security/ProtectionDomain;)Ljava/lang/Class;' in 'java/lang/ClassLoader'
  # this:     rdx:rdx   = 'java/lang/ClassLoader'
  # parm0:    r8:r8     = 'java/lang/String'
  # parm1:    r9:r9     = '[B'
  # parm2:    rdi       = int
  # parm3:    rsi       = int
  # parm4:    rcx:rcx   = 'java/security/ProtectionDomain'
  #           [sp+0xc0]  (sp of caller)
  0x000001c6aae84be0: 448b 5208 | 49bb 0000 | 00b1 c601 | 0000 4d03 | d34c 3bd0 

  0x000001c6aae84bf4: ;   {runtime_call ic_miss_stub}
  0x000001c6aae84bf4: 0f85 869b | cbff 660f | 1f44 0000 
[Verified Entry Point]
  0x000001c6aae84c00: 8984 2400 | 80ff ff55 | 4881 ecb0 | 0000 0090 | 4181 7f20 | 0500 0000 

  0x000001c6aae84c18: ;   {runtime_call StubRoutines (final stubs)}
  0x000001c6aae84c18: 7405 e8c1 | 00ca ff48 | 8954 2478 | 89b4 2494 | 0000 0089 | bc24 9000 | 0000 4c89 | 8c24 8800 
  0x000001c6aae84c38: 0000 498b | d84c 8bc3 | 4c8b c948 | 8bca 488b | d148 899c | 2480 0000 | 0066 0f1f 

  0x000001c6aae84c54: ;   {optimized virtual_call}
  0x000001c6aae84c54: 4400 00e8 

  0x000001c6aae84c58: ; ImmutableOopMap {[120]=Oop [128]=Oop [136]=Oop }
                      ;*invokevirtual preDefineClass {reexecute=0 rethrow=0 return_oop=0}
                      ; - java.lang.ClassLoader::defineClass@4 (line 1021)
  0x000001c6aae84c58: 647d 0100 

  0x000001c6aae84c5c: ;   {other}
  0x000001c6aae84c5c: 0f1f 8400 | 4c02 0000 | 4889 8424 | 9800 0000 

  0x000001c6aae84c6c: ; implicit exception: dispatches to 0x000001c6aae84d4a
  0x000001c6aae84c6c: 448b 4010 | 4d85 c00f | 850f 0000 

  0x000001c6aae84c78: ;   {oop(nullptr)}
  0x000001c6aae84c78: 0048 bb00 | 0000 0000 | 0000 00e9 | 3f00 0000 

  0x000001c6aae84c88: ; implicit exception: dispatches to 0x000001c6aae84d4f
  0x000001c6aae84c88: 458b 400c | 4d85 c00f | 850f 0000 

  0x000001c6aae84c94: ;   {oop(nullptr)}
  0x000001c6aae84c94: 0048 bb00 | 0000 0000 | 0000 00e9 | 2300 0000 

  0x000001c6aae84ca4: ; implicit exception: dispatches to 0x000001c6aae84d54
  0x000001c6aae84ca4: 418b 5038 

  0x000001c6aae84ca8: ; implicit exception: dispatches to 0x000001c6aae84d59
  0x000001c6aae84ca8: 483b 020f 

  0x000001c6aae84cac: ;   {optimized virtual_call}
  0x000001c6aae84cac: 1f40 00e8 

  0x000001c6aae84cb0: ; ImmutableOopMap {[120]=Oop [128]=Oop [136]=Oop [152]=Oop }
                      ;*invokevirtual toExternalForm {reexecute=0 rethrow=0 return_oop=0}
                      ; - java.net.URL::toExternalForm@5 (line 1203)
                      ; - java.net.URL::toString@1 (line 1189)
                      ; - java.lang.ClassLoader::defineClassSourceLocation@22 (line 925)
                      ; - java.lang.ClassLoader::defineClass@12 (line 1022)
  0x000001c6aae84cb0: 4cb5 f9ff 

  0x000001c6aae84cb4: ;   {other}
  0x000001c6aae84cb4: 0f1f 8400 | a402 0001 | 488b d848 | 8b84 2498 | 0000 008b | b424 9400 | 0000 8bbc | 2490 0000 
  0x000001c6aae84cd4: 004c 8b8c | 2488 0000 | 004c 8b84 | 2480 0000 | 0048 8b54 | 2478 4c8b | da49 8bd3 | 488b c848 
  0x000001c6aae84cf4: ;   {static_call}
  0x000001c6aae84cf4: 891c 24e8 

  0x000001c6aae84cf8: ; ImmutableOopMap {[120]=Oop [152]=Oop }
                      ;*invokestatic defineClass1 {reexecute=0 rethrow=0 return_oop=0}
                      ; - java.lang.ClassLoader::defineClass@27 (line 1023)
  0x000001c6aae84cf8: 4475 0100 

  0x000001c6aae84cfc: ;   {other}
  0x000001c6aae84cfc: 0f1f 8400 | ec02 0002 | 4c8b c04c | 8b8c 2498 | 0000 0048 | 8b54 2478 | 4889 8424 | a000 0000 
  0x000001c6aae84d1c: ;   {optimized virtual_call}
  0x000001c6aae84d1c: 6666 90e8 

  0x000001c6aae84d20: ; ImmutableOopMap {[160]=Oop }
                      ;*invokevirtual postDefineClass {reexecute=0 rethrow=0 return_oop=0}
                      ; - java.lang.ClassLoader::defineClass@37 (line 1024)
  0x000001c6aae84d20: dc9c 0100 

  0x000001c6aae84d24: ;   {other}
  0x000001c6aae84d24: 0f1f 8400 | 1403 0003 | 488b 8424 | a000 0000 | 4881 c4b0 | 0000 005d 

  0x000001c6aae84d3c: ;   {poll_return}
  0x000001c6aae84d3c: 493b a758 | 0400 000f | 8715 0000 

  0x000001c6aae84d48: ;   {runtime_call throw_null_pointer_exception Runtime1 stub}
  0x000001c6aae84d48: 00c3 e831 

  0x000001c6aae84d4c: ; ImmutableOopMap {rax=Oop [120]=Oop [128]=Oop [136]=Oop [152]=Oop }
                      ;*invokevirtual getCodeSource {reexecute=0 rethrow=0 return_oop=0}
                      ; - java.lang.ClassLoader::defineClassSourceLocation@1 (line 922)
                      ; - java.lang.ClassLoader::defineClass@12 (line 1022)
                      ;   {runtime_call throw_null_pointer_exception Runtime1 stub}
  0x000001c6aae84d4c: b8d6 ffe8 

  0x000001c6aae84d50: ; ImmutableOopMap {rax=Oop [120]=Oop [128]=Oop [136]=Oop [152]=Oop }
                      ;*invokevirtual getLocation {reexecute=0 rethrow=0 return_oop=0}
                      ; - java.lang.ClassLoader::defineClassSourceLocation@12 (line 924)
                      ; - java.lang.ClassLoader::defineClass@12 (line 1022)
  0x000001c6aae84d50: 2cb8 d6ff 

  0x000001c6aae84d54: ;   {runtime_call throw_null_pointer_exception Runtime1 stub}
  0x000001c6aae84d54: e827 b8d6 

  0x000001c6aae84d58: ; ImmutableOopMap {r8=Oop [120]=Oop [128]=Oop [136]=Oop [152]=Oop }
                      ;*invokevirtual toString {reexecute=0 rethrow=0 return_oop=0}
                      ; - java.lang.ClassLoader::defineClassSourceLocation@22 (line 925)
                      ; - java.lang.ClassLoader::defineClass@12 (line 1022)
                      ;   {runtime_call throw_null_pointer_exception Runtime1 stub}
  0x000001c6aae84d58: ffe8 22b8 

  0x000001c6aae84d5c: ; ImmutableOopMap {r8=Oop rdx=Oop [120]=Oop [128]=Oop [136]=Oop [152]=Oop }
                      ;*invokevirtual toExternalForm {reexecute=0 rethrow=0 return_oop=0}
                      ; - java.net.URL::toExternalForm@5 (line 1203)
                      ; - java.net.URL::toString@1 (line 1189)
                      ; - java.lang.ClassLoader::defineClassSourceLocation@22 (line 925)
                      ; - java.lang.ClassLoader::defineClass@12 (line 1022)
                      ;   {internal_word}
  0x000001c6aae84d5c: d6ff 49ba | 3c4d e8aa | c601 0000 | 4d89 9770 

  0x000001c6aae84d6c: ;   {runtime_call SafepointBlob}
  0x000001c6aae84d6c: 0400 00e9 | 8c09 ccff | 498b 8708 | 0500 0049 | c787 0805 | 0000 0000 | 0000 49c7 | 8710 0500 
  0x000001c6aae84d8c: 0000 0000 | 0048 81c4 | b000 0000 

  0x000001c6aae84d98: ;   {runtime_call unwind_exception Runtime1 stub}
  0x000001c6aae84d98: 5de9 e2a8 | d6ff f4f4 
[Stub Code]
  0x000001c6aae84da0: ;   {no_reloc}
  0x000001c6aae84da0: 0f1f 4400 

  0x000001c6aae84da4: ;   {static_stub}
  0x000001c6aae84da4: 0048 bb00 | 0000 0000 

  0x000001c6aae84dac: ;   {runtime_call}
  0x000001c6aae84dac: 0000 00e9 | fbff ffff 

  0x000001c6aae84db4: ;   {static_stub}
  0x000001c6aae84db4: 48bb 18f3 | 3fb1 c601 

  0x000001c6aae84dbc: ;   {runtime_call I2C/C2I adapters}
  0x000001c6aae84dbc: 0000 e9a8 

  0x000001c6aae84dc0: ;   {static_stub}
  0x000001c6aae84dc0: 5fcb ff48 | bb58 f23f | b1c6 0100 

  0x000001c6aae84dcc: ;   {runtime_call I2C/C2I adapters}
  0x000001c6aae84dcc: 00e9 30e8 

  0x000001c6aae84dd0: ;   {static_stub}
  0x000001c6aae84dd0: caff 48bb | 00f2 3fb1 | c601 0000 

  0x000001c6aae84ddc: ;   {runtime_call I2C/C2I adapters}
  0x000001c6aae84ddc: e98a 5fcb 

  0x000001c6aae84de0: ;   {runtime_call handle_exception_from_callee Runtime1 stub}
  0x000001c6aae84de0: ffe8 9ad5 

  0x000001c6aae84de4: ;   {external_word}
  0x000001c6aae84de4: d6ff 48b9 | c028 38c9 | fc7f 0000 | 4883 e4f0 

  0x000001c6aae84df4: ;   {runtime_call}
  0x000001c6aae84df4: 48b8 3099 | ffc8 fc7f | 0000 ffd0 

  0x000001c6aae84e00: ;   {section_word}
  0x000001c6aae84e00: f449 ba01 | 4ee8 aac6 | 0100 0041 

  0x000001c6aae84e0c: ;   {runtime_call DeoptimizationBlob}
  0x000001c6aae84e0c: 52e9 8efb | cbff f4f4 | f4f4 f4f4 
[/MachCode]


Compiled method (c1) 47883 1634       1       jdk.internal.loader.BuiltinClassLoader::defineClass (121 bytes)
 total in heap  [0x000001c6aae85010,0x000001c6aae85f20] = 3856
 relocation     [0x000001c6aae85168,0x000001c6aae852b0] = 328
 main code      [0x000001c6aae852c0,0x000001c6aae85980] = 1728
 stub code      [0x000001c6aae85980,0x000001c6aae85aa0] = 288
 metadata       [0x000001c6aae85aa0,0x000001c6aae85ae8] = 72
 scopes data    [0x000001c6aae85ae8,0x000001c6aae85d40] = 600
 scopes pcs     [0x000001c6aae85d40,0x000001c6aae85ee0] = 416
 dependencies   [0x000001c6aae85ee0,0x000001c6aae85ee8] = 8
 handler table  [0x000001c6aae85ee8,0x000001c6aae85f00] = 24
 nul chk table  [0x000001c6aae85f00,0x000001c6aae85f20] = 32

[Constant Pool (empty)]

[MachCode]
[Entry Point]
  # {method} {0x000001c6b105ac78} 'defineClass' '(Ljava/lang/String;Ljdk/internal/loader/Resource;)Ljava/lang/Class;' in 'jdk/internal/loader/BuiltinClassLoader'
  # this:     rdx:rdx   = 'jdk/internal/loader/BuiltinClassLoader'
  # parm0:    r8:r8     = 'java/lang/String'
  # parm1:    r9:r9     = 'jdk/internal/loader/Resource'
  #           [sp+0x110]  (sp of caller)
  0x000001c6aae852c0: 448b 5208 | 49bb 0000 | 00b1 c601 | 0000 4d03 | d34c 3bd0 

  0x000001c6aae852d4: ;   {runtime_call ic_miss_stub}
  0x000001c6aae852d4: 0f85 a694 | cbff 660f | 1f44 0000 
[Verified Entry Point]
  0x000001c6aae852e0: 8984 2400 | 80ff ff55 | 4881 ec00 | 0100 0090 | 4181 7f20 | 0500 0000 

  0x000001c6aae852f8: ;   {runtime_call StubRoutines (final stubs)}
  0x000001c6aae852f8: 7405 e8e1 | f9c9 ff48 | 8994 24a0 | 0000 004c | 8984 2490 | 0000 004c | 898c 2498 | 0000 0049 
  0x000001c6aae85318: 8bd1 6666 | 9048 b8ff | ffff ffff 

  0x000001c6aae85324: ;   {virtual_call}
  0x000001c6aae85324: ffff ffe8 

  0x000001c6aae85328: ; ImmutableOopMap {[144]=Oop [152]=Oop [160]=Oop }
                      ;*invokevirtual getCodeSourceURL {reexecute=0 rethrow=0 return_oop=0}
                      ; - jdk.internal.loader.BuiltinClassLoader::defineClass@1 (line 842)
  0x000001c6aae85328: e4a7 d7ff 

  0x000001c6aae8532c: ;   {other}
  0x000001c6aae8532c: 0f1f 8400 | 1c03 0000 | 4889 8424 | a800 0000 | 4c8b 8424 | 9000 0000 

  0x000001c6aae85344: ; implicit exception: dispatches to 0x000001c6aae85882
  0x000001c6aae85344: 418b 7014 

  0x000001c6aae85348: ; implicit exception: dispatches to 0x000001c6aae85887
  0x000001c6aae85348: 8b56 0c45 | 0fbe 4810 | 498b c9c1 | e118 c1f9 | 18d3 fa48 | 8bfa ffcf | 4585 c9ba | 0000 0000 
  0x000001c6aae85368: 7505 ba01 | 0000 0083 | e201 85d2 | 488b d641 | b82e 0000 | 004c 8bcf | 0f84 1300 

  0x000001c6aae85384: ;   {static_call}
  0x000001c6aae85384: 0000 90e8 

  0x000001c6aae85388: ; ImmutableOopMap {[144]=Oop [152]=Oop [160]=Oop [168]=Oop }
                      ;*invokestatic lastIndexOf {reexecute=0 rethrow=0 return_oop=0}
                      ; - java.lang.String::lastIndexOf@13 (line 2615)
                      ; - java.lang.String::lastIndexOf@8 (line 2577)
                      ; - jdk.internal.loader.BuiltinClassLoader::defineClass@8 (line 845)
  0x000001c6aae85388: 348a d8ff 

  0x000001c6aae8538c: ;   {other}
  0x000001c6aae8538c: 0f1f 8400 | 7c03 0001 | e913 0000 | 0066 0f1f 

  0x000001c6aae8539c: ;   {static_call}
  0x000001c6aae8539c: 4400 00e8 

  0x000001c6aae853a0: ; ImmutableOopMap {[144]=Oop [152]=Oop [160]=Oop [168]=Oop }
                      ;*invokestatic lastIndexOf {reexecute=0 rethrow=0 return_oop=0}
                      ; - java.lang.String::lastIndexOf@25 (line 2616)
                      ; - java.lang.String::lastIndexOf@8 (line 2577)
                      ; - jdk.internal.loader.BuiltinClassLoader::defineClass@8 (line 845)
  0x000001c6aae853a0: dc9c cbff 

  0x000001c6aae853a4: ;   {other}
  0x000001c6aae853a4: 0f1f 8400 | 9403 0002 | 83f8 ff0f | 847f 0000 | 0041 b800 | 0000 004c | 8bc8 488b | 9424 9000 
  0x000001c6aae853c4: ;   {optimized virtual_call}
  0x000001c6aae853c4: 0000 90e8 

  0x000001c6aae853c8: ; ImmutableOopMap {[144]=Oop [152]=Oop [160]=Oop [168]=Oop }
                      ;*invokevirtual substring {reexecute=0 rethrow=0 return_oop=0}
                      ; - jdk.internal.loader.BuiltinClassLoader::defineClass@23 (line 847)
  0x000001c6aae853c8: b4ff dbff 

  0x000001c6aae853cc: ;   {other}
  0x000001c6aae853cc: 0f1f 8400 | bc03 0003 | 488b 9424 | 9800 0000 | 4889 8424 | b000 0000 | 9048 b8ff | ffff ffff 
  0x000001c6aae853ec: ;   {virtual_call}
  0x000001c6aae853ec: ffff ffe8 

  0x000001c6aae853f0: ; ImmutableOopMap {[144]=Oop [152]=Oop [160]=Oop [168]=Oop [176]=Oop }
                      ;*invokevirtual getManifest {reexecute=0 rethrow=0 return_oop=0}
                      ; - jdk.internal.loader.BuiltinClassLoader::defineClass@29 (line 848)
  0x000001c6aae853f0: 34a8 d7ff 

  0x000001c6aae853f4: ;   {other}
  0x000001c6aae853f4: 0f1f 8400 | e403 0004 | 4c8b 8424 | b000 0000 | 4c8b c848 | 8bbc 24a8 | 0000 0048 | 8b94 24a0 
  0x000001c6aae85414: 0000 0066 | 0f1f 4400 | 0048 b8b8 | b205 b1c6 

  0x000001c6aae85424: ;   {virtual_call}
  0x000001c6aae85424: 0100 00e8 

  0x000001c6aae85428: ; ImmutableOopMap {[144]=Oop [152]=Oop [160]=Oop [168]=Oop }
                      ;*invokevirtual defineOrCheckPackage {reexecute=0 rethrow=0 return_oop=0}
                      ; - jdk.internal.loader.BuiltinClassLoader::defineClass@40 (line 849)
  0x000001c6aae85428: f40f 0000 

  0x000001c6aae8542c: ;   {other}
  0x000001c6aae8542c: 0f1f 8400 | 1c04 0005 | 4c8b 8c24 | 9800 0000 | 488d 9424 | e000 0000 | 4c89 4a08 | 498b 0148 
  0x000001c6aae8544c: 83c8 0148 | 8902 f049 | 0fb1 110f | 8412 0000 | 0048 2bc4 | 4825 07f0 | ffff 4889 | 020f 851d 
  0x000001c6aae8546c: 0400 0049 | ff87 5805 | 0000 418b | 510c 4885 | d20f 8551 | 0000 0049 | 8bd1 0f1f | 8000 0000 
  0x000001c6aae8548c: 0048 b8ff | ffff ffff 

  0x000001c6aae85494: ;   {virtual_call}
  0x000001c6aae85494: ffff ffe8 

  0x000001c6aae85498: ; ImmutableOopMap {[144]=Oop [152]=Oop [160]=Oop [168]=Oop [232]=Oop }
                      ;*invokevirtual getInputStream {reexecute=0 rethrow=0 return_oop=0}
                      ; - jdk.internal.loader.Resource::cachedInputStream@9 (line 77)
                      ; - jdk.internal.loader.Resource::getByteBuffer@1 (line 163)
                      ; - jdk.internal.loader.BuiltinClassLoader::defineClass@45 (line 853)
  0x000001c6aae85498: 84a5 d7ff 

  0x000001c6aae8549c: ;   {other}
  0x000001c6aae8549c: 0f1f 8400 | 8c04 0006 | 410f be57 | 3885 d24c | 8b8c 2498 | 0000 000f | 85e6 0300 | 004c 8bd0 
  0x000001c6aae854bc: 4589 510c | 498b d148 | 33d0 48c1 | ea14 4883 | fa00 0f85 | e703 0000 | 418b 510c | 488d 8424 
  0x000001c6aae854dc: e000 0000 | 488b 3048 | 85f6 0f84 | 0f00 0000 | 488b 7808 | f048 0fb1 | 370f 85d8 | 0300 0049 
  0x000001c6aae854fc: ff8f 5805 | 0000 4885 | d20f 8443 

  0x000001c6aae85508: ;   {metadata('sun/nio/ByteBuffered')}
  0x000001c6aae85508: 0000 0048 | b850 842c | b1c6 0100 | 008b 5a08 | 49ba 0000 | 00b1 c601 | 0000 4903 | da48 3b43 
  0x000001c6aae85528: 200f 8424 | 0000 0048 | 3bd8 0f84 | 1b00 0000 

  0x000001c6aae85538: ;   {runtime_call slow_subtype_check Runtime1 stub}
  0x000001c6aae85538: 5350 e841 | dad6 ff5b | 5b85 db0f | 8405 0000 | 00e9 0500 | 0000 4833 | f6eb 0748 | c7c6 0100 
  0x000001c6aae85558: 0000 85f6 | 0f84 6f00 | 0000 4885 | d20f 8443 

  0x000001c6aae85568: ;   {metadata('sun/nio/ByteBuffered')}
  0x000001c6aae85568: 0000 0048 | bb50 842c | b1c6 0100 | 008b 7a08 | 49ba 0000 | 00b1 c601 | 0000 4903 | fa48 3b5f 
  0x000001c6aae85588: 200f 841f | 0000 0048 | 3bfb 0f84 | 1600 0000 

  0x000001c6aae85598: ;   {runtime_call slow_subtype_check Runtime1 stub}
  0x000001c6aae85598: 5753 e8e1 | d9d6 ff5f | 5f85 ff0f | 8440 0300 | 00e9 0000 | 0000 0f1f | 8000 0000 | 0048 b8ff 
  0x000001c6aae855b8: ffff ffff 

  0x000001c6aae855bc: ;   {virtual_call}
  0x000001c6aae855bc: ffff ffe8 

  0x000001c6aae855c0: ; ImmutableOopMap {[144]=Oop [152]=Oop [160]=Oop [168]=Oop }
                      ;*invokeinterface getByteBuffer {reexecute=0 rethrow=0 return_oop=0}
                      ; - jdk.internal.loader.Resource::getByteBuffer@16 (line 165)
                      ; - jdk.internal.loader.BuiltinClassLoader::defineClass@45 (line 853)
  0x000001c6aae855c0: bc97 cbff 

  0x000001c6aae855c4: ;   {other}
  0x000001c6aae855c4: 0f1f 8400 | b405 0007 | e90a 0000 

  0x000001c6aae855d0: ;   {oop(nullptr)}
  0x000001c6aae855d0: 0048 b800 | 0000 0000 | 0000 0048 | 85c0 0f84 | 0601 0000 | 4889 8424 | b800 0000 | 488b 9424 
  0x000001c6aae855f0: 9800 0000 | 9048 b8ff | ffff ffff 

  0x000001c6aae855fc: ;   {virtual_call}
  0x000001c6aae855fc: ffff ffe8 

  0x000001c6aae85600: ; ImmutableOopMap {[144]=Oop [160]=Oop [168]=Oop [184]=Oop }
                      ;*invokevirtual getCodeSigners {reexecute=0 rethrow=0 return_oop=0}
                      ; - jdk.internal.loader.BuiltinClassLoader::defineClass@56 (line 855)
  0x000001c6aae85600: 7c97 cbff 

  0x000001c6aae85604: ;   {other}
  0x000001c6aae85604: 0f1f 8400 | f405 0008 

  0x000001c6aae8560c: ;   {metadata('java/security/CodeSource')}
  0x000001c6aae8560c: 4c8b c848 | baf8 5800 | b1c6 0100 | 0049 8b87 | b801 0000 | 488d 7828 | 493b bfc8 | 0100 000f 
  0x000001c6aae8562c: 87c1 0200 | 0049 89bf | b801 0000 | 48c7 0001 | 0000 0048 | 8bca 49ba | 0000 00b1 | c601 0000 
  0x000001c6aae8564c: 492b ca89 | 4808 4833 | c989 480c | 4833 c948 | 8948 1048 | 8948 1848 | 8948 204c | 8b84 24a8 
  0x000001c6aae8566c: 0000 0048 | 8bd0 4889 | 8424 c000 | 0000 0f1f 

  0x000001c6aae8567c: ;   {optimized virtual_call}
  0x000001c6aae8567c: 4400 00e8 

  0x000001c6aae85680: ; ImmutableOopMap {[144]=Oop [160]=Oop [184]=Oop [192]=Oop }
                      ;*invokespecial <init> {reexecute=0 rethrow=0 return_oop=0}
                      ; - jdk.internal.loader.BuiltinClassLoader::defineClass@68 (line 856)
  0x000001c6aae85680: fc93 cbff 

  0x000001c6aae85684: ;   {other}
  0x000001c6aae85684: 0f1f 8400 | 7406 0009 | 4c8b 8424 | c000 0000 | 488b 9424 | a000 0000 

  0x000001c6aae8569c: ;   {optimized virtual_call}
  0x000001c6aae8569c: 6666 90e8 

  0x000001c6aae856a0: ; ImmutableOopMap {[144]=Oop [160]=Oop [184]=Oop }
                      ;*invokevirtual getProtectionDomain {reexecute=0 rethrow=0 return_oop=0}
                      ; - java.security.SecureClassLoader::defineClass@5 (line 182)
                      ; - jdk.internal.loader.BuiltinClassLoader::defineClass@79 (line 857)
  0x000001c6aae856a0: dc93 cbff 

  0x000001c6aae856a4: ;   {other}
  0x000001c6aae856a4: 0f1f 8400 | 9406 000a | 4c8b 8424 | 9000 0000 | 4c8b 8c24 | b800 0000 | 488b f848 | 8b94 24a0 
  0x000001c6aae856c4: ;   {optimized virtual_call}
  0x000001c6aae856c4: 0000 00e8 

  0x000001c6aae856c8: ; ImmutableOopMap {}
                      ;*invokevirtual defineClass {reexecute=0 rethrow=0 return_oop=0}
                      ; - java.security.SecureClassLoader::defineClass@8 (line 182)
                      ; - jdk.internal.loader.BuiltinClassLoader::defineClass@79 (line 857)
  0x000001c6aae856c8: b493 cbff 

  0x000001c6aae856cc: ;   {other}
  0x000001c6aae856cc: 0f1f 8400 | bc06 000b | 4881 c400 | 0100 005d 

  0x000001c6aae856dc: ;   {poll_return}
  0x000001c6aae856dc: 493b a758 | 0400 000f | 8716 0200 | 00c3 4c8b | 8c24 9800 | 0000 498b | d148 b8ff | ffff ffff 
  0x000001c6aae856fc: ;   {virtual_call}
  0x000001c6aae856fc: ffff ffe8 

  0x000001c6aae85700: ; ImmutableOopMap {[144]=Oop [152]=Oop [160]=Oop [168]=Oop }
                      ;*invokevirtual getBytes {reexecute=0 rethrow=0 return_oop=0}
                      ; - jdk.internal.loader.BuiltinClassLoader::defineClass@84 (line 859)
  0x000001c6aae85700: 7ca3 d7ff 

  0x000001c6aae85704: ;   {other}
  0x000001c6aae85704: 0f1f 8400 | f406 000c | 4889 8424 | c800 0000 | 488b 9424 | 9800 0000 | 9048 b8ff | ffff ffff 
  0x000001c6aae85724: ;   {virtual_call}
  0x000001c6aae85724: ffff ffe8 

  0x000001c6aae85728: ; ImmutableOopMap {[144]=Oop [160]=Oop [168]=Oop [200]=Oop }
                      ;*invokevirtual getCodeSigners {reexecute=0 rethrow=0 return_oop=0}
                      ; - jdk.internal.loader.BuiltinClassLoader::defineClass@90 (line 860)
  0x000001c6aae85728: 84a3 d7ff 

  0x000001c6aae8572c: ;   {other}
  0x000001c6aae8572c: 0f1f 8400 | 1c07 000d 

  0x000001c6aae85734: ;   {metadata('java/security/CodeSource')}
  0x000001c6aae85734: 4c8b c848 | baf8 5800 | b1c6 0100 | 0049 8b87 | b801 0000 | 488d 7828 | 493b bfc8 | 0100 000f 
  0x000001c6aae85754: 87bc 0100 | 0049 89bf | b801 0000 | 48c7 0001 | 0000 0048 | 8bca 49ba | 0000 00b1 | c601 0000 
  0x000001c6aae85774: 492b ca89 | 4808 4833 | c989 480c | 4833 c948 | 8948 1048 | 8948 1848 | 8948 204c | 8b84 24a8 
  0x000001c6aae85794: 0000 0048 | 8bd0 4889 | 8424 d000 | 0000 0f1f 

  0x000001c6aae857a4: ;   {optimized virtual_call}
  0x000001c6aae857a4: 4400 00e8 

  0x000001c6aae857a8: ; ImmutableOopMap {[144]=Oop [160]=Oop [200]=Oop [208]=Oop }
                      ;*invokespecial <init> {reexecute=0 rethrow=0 return_oop=0}
                      ; - jdk.internal.loader.BuiltinClassLoader::defineClass@102 (line 861)
  0x000001c6aae857a8: d4ea ffff 

  0x000001c6aae857ac: ;   {other}
  0x000001c6aae857ac: 0f1f 8400 | 9c07 000e | 488b 8424 | c800 0000 

  0x000001c6aae857bc: ; implicit exception: dispatches to 0x000001c6aae85922
  0x000001c6aae857bc: 8b70 0c4c | 8b84 24d0 | 0000 0048 | 8b94 24a0 | 0000 0089 | b424 d800 

  0x000001c6aae857d4: ;   {optimized virtual_call}
  0x000001c6aae857d4: 0000 90e8 

  0x000001c6aae857d8: ; ImmutableOopMap {[144]=Oop [160]=Oop [200]=Oop }
                      ;*invokevirtual getProtectionDomain {reexecute=0 rethrow=0 return_oop=0}
                      ; - java.security.SecureClassLoader::defineClass@9 (line 150)
                      ; - jdk.internal.loader.BuiltinClassLoader::defineClass@117 (line 862)
  0x000001c6aae857d8: 04d5 ffff 

  0x000001c6aae857dc: ;   {other}
  0x000001c6aae857dc: 0f1f 8400 | cc07 000f | 4c8b 8424 | 9000 0000 | 4c8b 8c24 | c800 0000 | bf00 0000 | 008b b424 
  0x000001c6aae857fc: d800 0000 | 488b c848 | 8b94 24a0 | 0000 000f 

  0x000001c6aae8580c: ;   {optimized virtual_call}
  0x000001c6aae8580c: 1f40 00e8 

  0x000001c6aae85810: ; ImmutableOopMap {}
                      ;*invokevirtual defineClass {reexecute=0 rethrow=0 return_oop=0}
                      ; - java.security.SecureClassLoader::defineClass@12 (line 150)
                      ; - jdk.internal.loader.BuiltinClassLoader::defineClass@117 (line 862)
  0x000001c6aae85810: ecf3 ffff 

  0x000001c6aae85814: ;   {other}
  0x000001c6aae85814: 0f1f 8400 | 0408 0010 | 4881 c400 | 0100 005d 

  0x000001c6aae85824: ;   {poll_return}
  0x000001c6aae85824: 493b a758 | 0400 000f | 87f6 0000 | 00c3 498b | 8708 0500 | 004d 33d2 | 4d89 9708 | 0500 004d 
  0x000001c6aae85844: 33d2 4d89 | 9710 0500 | 0048 8bf0 | 488d 8424 | e000 0000 | 488b 3848 | 85ff 0f84 | 0f00 0000 
  0x000001c6aae85864: 488b 5808 | f048 0fb1 | 3b0f 85ca | 0000 0049 | ff8f 5805 | 0000 488b | c6e9 ee00 

  0x000001c6aae85880: ;   {runtime_call throw_null_pointer_exception Runtime1 stub}
  0x000001c6aae85880: 0000 e8f9 

  0x000001c6aae85884: ; ImmutableOopMap {rax=Oop r8=Oop [144]=Oop [152]=Oop [160]=Oop [168]=Oop }
                      ;*invokevirtual lastIndexOf {reexecute=0 rethrow=0 return_oop=0}
                      ; - jdk.internal.loader.BuiltinClassLoader::defineClass@8 (line 845)
                      ;   {runtime_call throw_null_pointer_exception Runtime1 stub}
  0x000001c6aae85884: acd6 ffe8 

  0x000001c6aae85888: ; ImmutableOopMap {rax=Oop r8=Oop rsi=Oop [144]=Oop [152]=Oop [160]=Oop [168]=Oop }
                      ;*arraylength {reexecute=0 rethrow=0 return_oop=0}
                      ; - java.lang.String::length@4 (line 1546)
                      ; - java.lang.String::lastIndexOf@3 (line 2577)
                      ; - jdk.internal.loader.BuiltinClassLoader::defineClass@8 (line 845)
  0x000001c6aae85888: f4ac d6ff | 4c89 4c24 | 0848 8914 

  0x000001c6aae85894: ;   {runtime_call monitorenter_nofpu Runtime1 stub}
  0x000001c6aae85894: 24e8 e6dc 

  0x000001c6aae85898: ; ImmutableOopMap {r9=Oop [144]=Oop [152]=Oop [160]=Oop [168]=Oop [232]=Oop }
                      ;*synchronization entry
                      ; - jdk.internal.loader.Resource::cachedInputStream@-1 (line 76)
                      ; - jdk.internal.loader.Resource::getByteBuffer@1 (line 163)
                      ; - jdk.internal.loader.BuiltinClassLoader::defineClass@45 (line 853)
  0x000001c6aae85898: d6ff e9d7 | fbff ff41 | 8b51 0c48 | 83fa 000f | 840c fcff | ff48 8914 

  0x000001c6aae858b0: ;   {runtime_call g1_pre_barrier_slow}
  0x000001c6aae858b0: 24e8 ca03 | d7ff e9fe | fbff ff48 | 83f8 000f | 840f fcff | ff4c 890c 

  0x000001c6aae858c8: ;   {runtime_call g1_post_barrier_slow}
  0x000001c6aae858c8: 24e8 b206 | d7ff e901 | fcff ff48 | 8d84 24e0 | 0000 0048 

  0x000001c6aae858dc: ;   {runtime_call monitorexit_nofpu Runtime1 stub}
  0x000001c6aae858dc: 8904 24e8 | 9ce2 d6ff | e919 fcff | ff48 8914 

  0x000001c6aae858ec: ;   {runtime_call throw_class_cast_exception Runtime1 stub}
  0x000001c6aae858ec: 24e8 8ed0 

  0x000001c6aae858f0: ; ImmutableOopMap {[144]=Oop [152]=Oop [160]=Oop [168]=Oop }
                      ;*checkcast {reexecute=0 rethrow=0 return_oop=0}
                      ; - jdk.internal.loader.Resource::getByteBuffer@13 (line 165)
                      ; - jdk.internal.loader.BuiltinClassLoader::defineClass@45 (line 853)
  0x000001c6aae858f0: d6ff 488b 

  0x000001c6aae858f4: ;   {runtime_call fast_new_instance Runtime1 stub}
  0x000001c6aae858f4: d2e8 86b5 

  0x000001c6aae858f8: ; ImmutableOopMap {r9=Oop [144]=Oop [160]=Oop [168]=Oop [184]=Oop }
                      ;*new {reexecute=0 rethrow=0 return_oop=0}
                      ; - jdk.internal.loader.BuiltinClassLoader::defineClass@61 (line 856)
  0x000001c6aae858f8: d6ff e968 

  0x000001c6aae858fc: ;   {internal_word}
  0x000001c6aae858fc: fdff ff49 | badc 56e8 | aac6 0100 | 004d 8997 | 7004 0000 

  0x000001c6aae85910: ;   {runtime_call SafepointBlob}
  0x000001c6aae85910: e9eb fdcb | ff48 8bd2 

  0x000001c6aae85918: ;   {runtime_call fast_new_instance Runtime1 stub}
  0x000001c6aae85918: e863 b5d6 

  0x000001c6aae8591c: ; ImmutableOopMap {r9=Oop [144]=Oop [160]=Oop [168]=Oop [200]=Oop }
                      ;*new {reexecute=0 rethrow=0 return_oop=0}
                      ; - jdk.internal.loader.BuiltinClassLoader::defineClass@95 (line 861)
  0x000001c6aae8591c: ffe9 6dfe 

  0x000001c6aae85920: ;   {runtime_call throw_null_pointer_exception Runtime1 stub}
  0x000001c6aae85920: ffff e859 

  0x000001c6aae85924: ; ImmutableOopMap {rax=Oop [144]=Oop [160]=Oop [200]=Oop [208]=Oop }
                      ;*arraylength {reexecute=0 rethrow=0 return_oop=0}
                      ; - jdk.internal.loader.BuiltinClassLoader::defineClass@114 (line 862)
                      ;   {internal_word}
  0x000001c6aae85924: acd6 ff49 | ba24 58e8 | aac6 0100 | 004d 8997 | 7004 0000 

  0x000001c6aae85938: ;   {runtime_call SafepointBlob}
  0x000001c6aae85938: e9c3 fdcb | ff48 8d84 | 24e0 0000 | 0048 8904 

  0x000001c6aae85948: ;   {runtime_call monitorexit_nofpu Runtime1 stub}
  0x000001c6aae85948: 24e8 32e2 | d6ff e927 | ffff ff49 | 8b87 0805 | 0000 49c7 | 8708 0500 | 0000 0000 | 0049 c787 
  0x000001c6aae85968: 1005 0000 | 0000 0000 | 4881 c400 | 0100 005d 

  0x000001c6aae85978: ;   {runtime_call unwind_exception Runtime1 stub}
  0x000001c6aae85978: e903 9dd6 | fff4 f4f4 
[Stub Code]
  0x000001c6aae85980: ;   {no_reloc}
  0x000001c6aae85980: 0f1f 4400 

  0x000001c6aae85984: ;   {static_stub}
  0x000001c6aae85984: 0048 bb00 | 0000 0000 

  0x000001c6aae8598c: ;   {runtime_call}
  0x000001c6aae8598c: 0000 00e9 | fbff ffff 

  0x000001c6aae85994: ;   {static_stub}
  0x000001c6aae85994: 9048 bb00 | 0000 0000 

  0x000001c6aae8599c: ;   {runtime_call}
  0x000001c6aae8599c: 0000 00e9 | fbff ffff 

  0x000001c6aae859a4: ;   {static_stub}
  0x000001c6aae859a4: 9048 bb00 | 0000 0000 

  0x000001c6aae859ac: ;   {runtime_call}
  0x000001c6aae859ac: 0000 00e9 | fbff ffff 

  0x000001c6aae859b4: ;   {static_stub}
  0x000001c6aae859b4: 9048 bb00 | 0000 0000 

  0x000001c6aae859bc: ;   {runtime_call}
  0x000001c6aae859bc: 0000 00e9 | fbff ffff 

  0x000001c6aae859c4: ;   {static_stub}
  0x000001c6aae859c4: 9048 bb00 | 0000 0000 

  0x000001c6aae859cc: ;   {runtime_call}
  0x000001c6aae859cc: 0000 00e9 | fbff ffff 

  0x000001c6aae859d4: ;   {static_stub}
  0x000001c6aae859d4: 9048 bb00 | 0000 0000 

  0x000001c6aae859dc: ;   {runtime_call}
  0x000001c6aae859dc: 0000 00e9 | fbff ffff 

  0x000001c6aae859e4: ;   {static_stub}
  0x000001c6aae859e4: 9048 bb00 | 0000 0000 

  0x000001c6aae859ec: ;   {runtime_call}
  0x000001c6aae859ec: 0000 00e9 | fbff ffff 

  0x000001c6aae859f4: ;   {static_stub}
  0x000001c6aae859f4: 9048 bb00 | 0000 0000 

  0x000001c6aae859fc: ;   {runtime_call}
  0x000001c6aae859fc: 0000 00e9 | fbff ffff 

  0x000001c6aae85a04: ;   {static_stub}
  0x000001c6aae85a04: 48bb 0000 | 0000 0000 

  0x000001c6aae85a0c: ;   {runtime_call}
  0x000001c6aae85a0c: 0000 e9fb 

  0x000001c6aae85a10: ;   {static_stub}
  0x000001c6aae85a10: ffff ff48 | bb00 0000 | 0000 0000 

  0x000001c6aae85a1c: ;   {runtime_call}
  0x000001c6aae85a1c: 00e9 fbff 

  0x000001c6aae85a20: ;   {static_stub}
  0x000001c6aae85a20: ffff 48bb | 0000 0000 | 0000 0000 

  0x000001c6aae85a2c: ;   {runtime_call}
  0x000001c6aae85a2c: e9fb ffff 

  0x000001c6aae85a30: ;   {static_stub}
  0x000001c6aae85a30: ff48 bb00 | 0000 0000 

  0x000001c6aae85a38: ;   {runtime_call}
  0x000001c6aae85a38: 0000 00e9 | fbff ffff 

  0x000001c6aae85a40: ;   {static_stub}
  0x000001c6aae85a40: 48bb 0000 | 0000 0000 

  0x000001c6aae85a48: ;   {runtime_call}
  0x000001c6aae85a48: 0000 e9fb 

  0x000001c6aae85a4c: ;   {static_stub}
  0x000001c6aae85a4c: ffff ff48 | bb00 0000 | 0000 0000 

  0x000001c6aae85a58: ;   {runtime_call}
  0x000001c6aae85a58: 00e9 fbff 

  0x000001c6aae85a5c: ;   {static_stub}
  0x000001c6aae85a5c: ffff 48bb | 0000 0000 | 0000 0000 

  0x000001c6aae85a68: ;   {runtime_call}
  0x000001c6aae85a68: e9fb ffff 

  0x000001c6aae85a6c: ;   {runtime_call handle_exception_from_callee Runtime1 stub}
  0x000001c6aae85a6c: ffe8 0ec9 

  0x000001c6aae85a70: ;   {external_word}
  0x000001c6aae85a70: d6ff 48b9 | c028 38c9 | fc7f 0000 | 4883 e4f0 

  0x000001c6aae85a80: ;   {runtime_call}
  0x000001c6aae85a80: 48b8 3099 | ffc8 fc7f | 0000 ffd0 

  0x000001c6aae85a8c: ;   {section_word}
  0x000001c6aae85a8c: f449 ba8d | 5ae8 aac6 | 0100 0041 

  0x000001c6aae85a98: ;   {runtime_call DeoptimizationBlob}
  0x000001c6aae85a98: 52e9 02ef | cbff f4f4 
[/MachCode]


---------------  P R O C E S S  ---------------

Threads class SMR info:
_java_thread_list=0x000001c6f94ea090, length=22, elements={
0x000001c6a27aa2e0, 0x000001c6f213f5c0, 0x000001c6f21423f0, 0x000001c6f2143110,
0x000001c6f21450e0, 0x000001c6f2145b40, 0x000001c6f21465a0, 0x000001c6f2147000,
0x000001c6f21e31f0, 0x000001c6f2859900, 0x000001c6f2866520, 0x000001c6f2a433a0,
0x000001c6f2a611f0, 0x000001c6f2ae9d80, 0x000001c6f2aade20, 0x000001c6f829fcc0,
0x000001c6f829efa0, 0x000001c6f829f630, 0x000001c6f829ced0, 0x000001c6f829d560,
0x000001c6f829dbf0, 0x000001c6f829e910
}

Java Threads: ( => current thread )
=>0x000001c6a27aa2e0 JavaThread "main"                              [_thread_in_vm, id=3856, stack(0x000000033ac00000,0x000000033ad00000) (1024K)]
  0x000001c6f213f5c0 JavaThread "Reference Handler"          daemon [_thread_blocked, id=16036, stack(0x000000033b400000,0x000000033b500000) (1024K)]
  0x000001c6f21423f0 JavaThread "Finalizer"                  daemon [_thread_blocked, id=4928, stack(0x000000033b500000,0x000000033b600000) (1024K)]
  0x000001c6f2143110 JavaThread "Signal Dispatcher"          daemon [_thread_blocked, id=10328, stack(0x000000033b600000,0x000000033b700000) (1024K)]
  0x000001c6f21450e0 JavaThread "Attach Listener"            daemon [_thread_blocked, id=2096, stack(0x000000033b700000,0x000000033b800000) (1024K)]
  0x000001c6f2145b40 JavaThread "Service Thread"             daemon [_thread_blocked, id=11648, stack(0x000000033b800000,0x000000033b900000) (1024K)]
  0x000001c6f21465a0 JavaThread "Monitor Deflation Thread"   daemon [_thread_blocked, id=9388, stack(0x000000033b900000,0x000000033ba00000) (1024K)]
  0x000001c6f2147000 JavaThread "C1 CompilerThread0"         daemon [_thread_blocked, id=1676, stack(0x000000033ba00000,0x000000033bb00000) (1024K)]
  0x000001c6f21e31f0 JavaThread "Common-Cleaner"             daemon [_thread_blocked, id=3052, stack(0x000000033bb00000,0x000000033bc00000) (1024K)]
  0x000001c6f2859900 JavaThread "Monitor Ctrl-Break"         daemon [_thread_in_native, id=3880, stack(0x000000033bc00000,0x000000033bd00000) (1024K)]
  0x000001c6f2866520 JavaThread "Notification Thread"        daemon [_thread_blocked, id=120, stack(0x000000033bd00000,0x000000033be00000) (1024K)]
  0x000001c6f2a433a0 JavaThread "RMI TCP Accept-0"           daemon [_thread_in_native, id=16080, stack(0x000000033c100000,0x000000033c200000) (1024K)]
  0x000001c6f2a611f0 JavaThread "RMI TCP Connection(1)-192.168.0.241" daemon [_thread_blocked, id=880, stack(0x000000033c200000,0x000000033c300000) (1024K)]
  0x000001c6f2ae9d80 JavaThread "RMI Scheduler(0)"           daemon [_thread_blocked, id=3396, stack(0x000000033c300000,0x000000033c400000) (1024K)]
  0x000001c6f2aade20 JavaThread "JMX server connection timeout 28" daemon [_thread_blocked, id=5752, stack(0x000000033c400000,0x000000033c500000) (1024K)]
  0x000001c6f829fcc0 JavaThread "Keep-Alive-Timer"           daemon [_thread_blocked, id=4972, stack(0x000000033c600000,0x000000033c700000) (1024K)]
  0x000001c6f829efa0 JavaThread "RMI TCP Connection(2)-192.168.0.241" daemon [_thread_blocked, id=15892, stack(0x000000033c800000,0x000000033c900000) (1024K)]
  0x000001c6f829f630 JavaThread "Catalina-utility-1"                [_thread_blocked, id=9212, stack(0x000000033ca00000,0x000000033cb00000) (1024K)]
  0x000001c6f829ced0 JavaThread "Catalina-utility-2"                [_thread_blocked, id=15268, stack(0x000000033c900000,0x000000033ca00000) (1024K)]
  0x000001c6f829d560 JavaThread "container-0"                       [_thread_blocked, id=2296, stack(0x000000033cb00000,0x000000033cc00000) (1024K)]
  0x000001c6f829dbf0 JavaThread "mysql-cj-abandoned-connection-cleanup" daemon [_thread_blocked, id=3348, stack(0x000000033cc00000,0x000000033cd00000) (1024K)]
  0x000001c6f829e910 JavaThread "JMX server connection timeout 95" daemon [_thread_blocked, id=10924, stack(0x000000033cd00000,0x000000033ce00000) (1024K)]
Total: 22

Other Threads:
  0x000001c6f2124d70 VMThread "VM Thread"                           [id=13076, stack(0x000000033b300000,0x000000033b400000) (1024K)] _threads_hazard_ptr=0x000001c6f94ea090
  0x000001c6a2854bc0 WatcherThread "VM Periodic Task Thread"        [id=6448, stack(0x000000033b200000,0x000000033b300000) (1024K)]
  0x000001c6a27e1190 WorkerThread "GC Thread#0"                     [id=4788, stack(0x000000033ad00000,0x000000033ae00000) (1024K)]
  0x000001c6f2931520 WorkerThread "GC Thread#1"                     [id=11388, stack(0x000000033be00000,0x000000033bf00000) (1024K)]
  0x000001c6f2957ca0 WorkerThread "GC Thread#2"                     [id=1716, stack(0x000000033bf00000,0x000000033c000000) (1024K)]
  0x000001c6f2958050 WorkerThread "GC Thread#3"                     [id=9932, stack(0x000000033c000000,0x000000033c100000) (1024K)]
  0x000001c6a27ea3a0 ConcurrentGCThread "G1 Main Marker"            [id=10964, stack(0x000000033ae00000,0x000000033af00000) (1024K)]
  0x000001c6a27ebf80 WorkerThread "G1 Conc#0"                       [id=15924, stack(0x000000033af00000,0x000000033b000000) (1024K)]
  0x000001c6a28416c0 ConcurrentGCThread "G1 Refine#0"               [id=10092, stack(0x000000033b000000,0x000000033b100000) (1024K)]
  0x000001c6a2842150 ConcurrentGCThread "G1 Service"                [id=11128, stack(0x000000033b100000,0x000000033b200000) (1024K)]
Total: 10

Threads with active compile tasks:
Total: 0

VM state: synchronizing (normal execution)

VM Mutex/Monitor currently owned by a thread:  ([mutex/lock_event])
[0x00007ffcc962ab00] Metaspace_lock - owner thread: 0x000001c6a27aa2e0
[0x00007ffcc962cb80] Threads_lock - owner thread: 0x000001c6f2124d70

Heap address: 0x00000000c4800000, size: 952 MB, Compressed Oops mode: 32-bit

CDS archive(s) mapped at: [0x000001c6b1000000-0x000001c6b1c60000-0x000001c6b1c60000), size 12976128, SharedBaseAddress: 0x000001c6b1000000, ArchiveRelocationMode: 1.
Compressed class space mapped at: 0x000001c6b2000000-0x000001c6f2000000, reserved size: 1073741824
Narrow klass base: 0x000001c6b1000000, Narrow klass shift: 0, Narrow klass range: 0x41000000

GC Precious Log:
 CardTable entry size: 512
 Card Set container configuration: InlinePtr #cards 5 size 8 Array Of Cards #cards 12 size 40 Howl #buckets 4 coarsen threshold 1843 Howl Bitmap #cards 512 size 80 coarsen threshold 460 Card regions per heap region 1 cards per card region 2048
 CPUs: 4 total, 4 available
 Memory: 3802M
 Large Page Support: Disabled
 NUMA Support: Disabled
 Compressed Oops: Enabled (32-bit)
 Heap Region Size: 1M
 Heap Min Capacity: 8M
 Heap Initial Capacity: 60M
 Heap Max Capacity: 952M
 Pre-touch: Disabled
 Parallel Workers: 4
 Concurrent Workers: 1
 Concurrent Refinement Workers: 4
 Periodic GC: Disabled

Heap:
 garbage-first heap   total reserved 974848K, committed 73728K, used 59039K [0x00000000c4800000, 0x0000000100000000)
  region size 1024K, 30 young (30720K), 4 survivors (4096K)
 Metaspace       used 46523K, committed 47168K, reserved 1114112K
  class space    used 6550K, committed 6848K, reserved 1048576K

Heap Regions: E=young(eden), S=young(survivor), O=old, HS=humongous(starts), HC=humongous(continues), CS=collection set, F=free, TAMS=top-at-mark-start, PB=parsable bottom
|   0|0x00000000c4800000, 0x00000000c4900000, 0x00000000c4900000|100%|HS|  |TAMS 0x00000000c4800000| PB 0x00000000c4800000| Complete |  0
|   1|0x00000000c4900000, 0x00000000c4a00000, 0x00000000c4a00000|100%|HS|  |TAMS 0x00000000c4900000| PB 0x00000000c4900000| Complete |  0
|   2|0x00000000c4a00000, 0x00000000c4b00000, 0x00000000c4b00000|100%|HS|  |TAMS 0x00000000c4a00000| PB 0x00000000c4a00000| Complete |  0
|   3|0x00000000c4b00000, 0x00000000c4c00000, 0x00000000c4c00000|100%| O|  |TAMS 0x00000000c4b00000| PB 0x00000000c4b00000| Untracked |  0
|   4|0x00000000c4c00000, 0x00000000c4d00000, 0x00000000c4d00000|100%| O|  |TAMS 0x00000000c4c00000| PB 0x00000000c4c00000| Untracked |  0
|   5|0x00000000c4d00000, 0x00000000c4e00000, 0x00000000c4e00000|100%| O|  |TAMS 0x00000000c4d00000| PB 0x00000000c4d00000| Untracked |  0
|   6|0x00000000c4e00000, 0x00000000c4f00000, 0x00000000c4f00000|100%| O|  |TAMS 0x00000000c4e00000| PB 0x00000000c4e00000| Untracked |  0
|   7|0x00000000c4f00000, 0x00000000c5000000, 0x00000000c5000000|100%| O|  |TAMS 0x00000000c4f00000| PB 0x00000000c4f00000| Untracked |  0
|   8|0x00000000c5000000, 0x00000000c5100000, 0x00000000c5100000|100%| O|  |TAMS 0x00000000c5000000| PB 0x00000000c5000000| Untracked |  0
|   9|0x00000000c5100000, 0x00000000c5200000, 0x00000000c5200000|100%| O|  |TAMS 0x00000000c5100000| PB 0x00000000c5100000| Untracked |  0
|  10|0x00000000c5200000, 0x00000000c5300000, 0x00000000c5300000|100%| O|  |TAMS 0x00000000c5200000| PB 0x00000000c5200000| Untracked |  0
|  11|0x00000000c5300000, 0x00000000c5400000, 0x00000000c5400000|100%| O|  |TAMS 0x00000000c5300000| PB 0x00000000c5300000| Untracked |  0
|  12|0x00000000c5400000, 0x00000000c5500000, 0x00000000c5500000|100%| O|  |TAMS 0x00000000c5400000| PB 0x00000000c5400000| Untracked |  0
|  13|0x00000000c5500000, 0x00000000c5600000, 0x00000000c5600000|100%| O|  |TAMS 0x00000000c5500000| PB 0x00000000c5500000| Untracked |  0
|  14|0x00000000c5600000, 0x00000000c5700000, 0x00000000c5700000|100%| O|  |TAMS 0x00000000c5600000| PB 0x00000000c5600000| Untracked |  0
|  15|0x00000000c5700000, 0x00000000c5800000, 0x00000000c5800000|100%| O|  |TAMS 0x00000000c5700000| PB 0x00000000c5700000| Untracked |  0
|  16|0x00000000c5800000, 0x00000000c5900000, 0x00000000c5900000|100%| O|  |TAMS 0x00000000c5800000| PB 0x00000000c5800000| Untracked |  0
|  17|0x00000000c5900000, 0x00000000c5900000, 0x00000000c5a00000|  0%| F|  |TAMS 0x00000000c5900000| PB 0x00000000c5900000| Untracked |  0
|  18|0x00000000c5a00000, 0x00000000c5b00000, 0x00000000c5b00000|100%| O|  |TAMS 0x00000000c5a00000| PB 0x00000000c5a00000| Untracked |  0
|  19|0x00000000c5b00000, 0x00000000c5c00000, 0x00000000c5c00000|100%| O|  |TAMS 0x00000000c5b00000| PB 0x00000000c5b00000| Untracked |  0
|  20|0x00000000c5c00000, 0x00000000c5d00000, 0x00000000c5d00000|100%| O|  |TAMS 0x00000000c5c00000| PB 0x00000000c5c00000| Untracked |  0
|  21|0x00000000c5d00000, 0x00000000c5e00000, 0x00000000c5e00000|100%| O|  |TAMS 0x00000000c5d00000| PB 0x00000000c5d00000| Untracked |  0
|  22|0x00000000c5e00000, 0x00000000c5f00000, 0x00000000c5f00000|100%| O|  |TAMS 0x00000000c5e00000| PB 0x00000000c5e00000| Untracked |  0
|  23|0x00000000c5f00000, 0x00000000c6000000, 0x00000000c6000000|100%| O|  |TAMS 0x00000000c5f00000| PB 0x00000000c5f00000| Untracked |  0
|  24|0x00000000c6000000, 0x00000000c6100000, 0x00000000c6100000|100%| O|  |TAMS 0x00000000c6000000| PB 0x00000000c6000000| Untracked |  0
|  25|0x00000000c6100000, 0x00000000c6200000, 0x00000000c6200000|100%| O|  |TAMS 0x00000000c6100000| PB 0x00000000c6100000| Untracked |  0
|  26|0x00000000c6200000, 0x00000000c6300000, 0x00000000c6300000|100%| O|  |TAMS 0x00000000c6200000| PB 0x00000000c6200000| Untracked |  0
|  27|0x00000000c6300000, 0x00000000c6400000, 0x00000000c6400000|100%| O|  |TAMS 0x00000000c6300000| PB 0x00000000c6300000| Untracked |  0
|  28|0x00000000c6400000, 0x00000000c6400000, 0x00000000c6500000|  0%| F|  |TAMS 0x00000000c6400000| PB 0x00000000c6400000| Untracked |  0
|  29|0x00000000c6500000, 0x00000000c6600000, 0x00000000c6600000|100%| O|  |TAMS 0x00000000c6500000| PB 0x00000000c6500000| Untracked |  0
|  30|0x00000000c6600000, 0x00000000c6600000, 0x00000000c6700000|  0%| F|  |TAMS 0x00000000c6600000| PB 0x00000000c6600000| Untracked |  0
|  31|0x00000000c6700000, 0x00000000c6700000, 0x00000000c6800000|  0%| F|  |TAMS 0x00000000c6700000| PB 0x00000000c6700000| Untracked |  0
|  32|0x00000000c6800000, 0x00000000c6800000, 0x00000000c6900000|  0%| F|  |TAMS 0x00000000c6800000| PB 0x00000000c6800000| Untracked |  0
|  33|0x00000000c6900000, 0x00000000c6900000, 0x00000000c6a00000|  0%| F|  |TAMS 0x00000000c6900000| PB 0x00000000c6900000| Untracked |  0
|  34|0x00000000c6a00000, 0x00000000c6aa7d60, 0x00000000c6b00000| 65%| O|  |TAMS 0x00000000c6a00000| PB 0x00000000c6a00000| Untracked |  0
|  35|0x00000000c6b00000, 0x00000000c6b00000, 0x00000000c6c00000|  0%| F|  |TAMS 0x00000000c6b00000| PB 0x00000000c6b00000| Untracked |  0
|  36|0x00000000c6c00000, 0x00000000c6c00000, 0x00000000c6d00000|  0%| F|  |TAMS 0x00000000c6c00000| PB 0x00000000c6c00000| Untracked |  0
|  37|0x00000000c6d00000, 0x00000000c6e00000, 0x00000000c6e00000|100%| S|CS|TAMS 0x00000000c6d00000| PB 0x00000000c6d00000| Complete |  0
|  38|0x00000000c6e00000, 0x00000000c6f00000, 0x00000000c6f00000|100%| S|CS|TAMS 0x00000000c6e00000| PB 0x00000000c6e00000| Complete |  0
|  39|0x00000000c6f00000, 0x00000000c7000000, 0x00000000c7000000|100%| S|CS|TAMS 0x00000000c6f00000| PB 0x00000000c6f00000| Complete |  0
|  40|0x00000000c7000000, 0x00000000c7100000, 0x00000000c7100000|100%| S|CS|TAMS 0x00000000c7000000| PB 0x00000000c7000000| Complete |  0
|  41|0x00000000c7100000, 0x00000000c7100000, 0x00000000c7200000|  0%| F|  |TAMS 0x00000000c7100000| PB 0x00000000c7100000| Untracked |  0
|  42|0x00000000c7200000, 0x00000000c7200000, 0x00000000c7300000|  0%| F|  |TAMS 0x00000000c7200000| PB 0x00000000c7200000| Untracked |  0
|  43|0x00000000c7300000, 0x00000000c7300000, 0x00000000c7400000|  0%| F|  |TAMS 0x00000000c7300000| PB 0x00000000c7300000| Untracked |  0
|  44|0x00000000c7400000, 0x00000000c7400000, 0x00000000c7500000|  0%| F|  |TAMS 0x00000000c7400000| PB 0x00000000c7400000| Untracked |  0
|  45|0x00000000c7500000, 0x00000000c7500000, 0x00000000c7600000|  0%| F|  |TAMS 0x00000000c7500000| PB 0x00000000c7500000| Untracked |  0
|  46|0x00000000c7600000, 0x00000000c760b318, 0x00000000c7700000|  4%| E|  |TAMS 0x00000000c7600000| PB 0x00000000c7600000| Complete |  0
|  47|0x00000000c7700000, 0x00000000c7800000, 0x00000000c7800000|100%| E|CS|TAMS 0x00000000c7700000| PB 0x00000000c7700000| Complete |  0
|  48|0x00000000c7800000, 0x00000000c7900000, 0x00000000c7900000|100%| E|CS|TAMS 0x00000000c7800000| PB 0x00000000c7800000| Complete |  0
|  49|0x00000000c7900000, 0x00000000c7a00000, 0x00000000c7a00000|100%| E|CS|TAMS 0x00000000c7900000| PB 0x00000000c7900000| Complete |  0
|  50|0x00000000c7a00000, 0x00000000c7b00000, 0x00000000c7b00000|100%| E|CS|TAMS 0x00000000c7a00000| PB 0x00000000c7a00000| Complete |  0
|  51|0x00000000c7b00000, 0x00000000c7c00000, 0x00000000c7c00000|100%| E|CS|TAMS 0x00000000c7b00000| PB 0x00000000c7b00000| Complete |  0
|  52|0x00000000c7c00000, 0x00000000c7d00000, 0x00000000c7d00000|100%| E|CS|TAMS 0x00000000c7c00000| PB 0x00000000c7c00000| Complete |  0
|  53|0x00000000c7d00000, 0x00000000c7e00000, 0x00000000c7e00000|100%| E|CS|TAMS 0x00000000c7d00000| PB 0x00000000c7d00000| Complete |  0
|  54|0x00000000c7e00000, 0x00000000c7f00000, 0x00000000c7f00000|100%| E|CS|TAMS 0x00000000c7e00000| PB 0x00000000c7e00000| Complete |  0
|  55|0x00000000c7f00000, 0x00000000c8000000, 0x00000000c8000000|100%| E|CS|TAMS 0x00000000c7f00000| PB 0x00000000c7f00000| Complete |  0
|  56|0x00000000c8000000, 0x00000000c8100000, 0x00000000c8100000|100%| E|CS|TAMS 0x00000000c8000000| PB 0x00000000c8000000| Complete |  0
|  57|0x00000000c8100000, 0x00000000c8200000, 0x00000000c8200000|100%| E|CS|TAMS 0x00000000c8100000| PB 0x00000000c8100000| Complete |  0
|  58|0x00000000c8200000, 0x00000000c8300000, 0x00000000c8300000|100%| E|CS|TAMS 0x00000000c8200000| PB 0x00000000c8200000| Complete |  0
|  59|0x00000000c8300000, 0x00000000c8400000, 0x00000000c8400000|100%| E|CS|TAMS 0x00000000c8300000| PB 0x00000000c8300000| Complete |  0
|  60|0x00000000c8400000, 0x00000000c8500000, 0x00000000c8500000|100%| E|CS|TAMS 0x00000000c8400000| PB 0x00000000c8400000| Complete |  0
|  61|0x00000000c8500000, 0x00000000c8600000, 0x00000000c8600000|100%| E|CS|TAMS 0x00000000c8500000| PB 0x00000000c8500000| Complete |  0
|  62|0x00000000c8600000, 0x00000000c8700000, 0x00000000c8700000|100%| E|CS|TAMS 0x00000000c8600000| PB 0x00000000c8600000| Complete |  0
|  63|0x00000000c8700000, 0x00000000c8800000, 0x00000000c8800000|100%| E|CS|TAMS 0x00000000c8700000| PB 0x00000000c8700000| Complete |  0
|  64|0x00000000c8800000, 0x00000000c8900000, 0x00000000c8900000|100%| E|CS|TAMS 0x00000000c8800000| PB 0x00000000c8800000| Complete |  0
|  65|0x00000000c8900000, 0x00000000c8a00000, 0x00000000c8a00000|100%| E|CS|TAMS 0x00000000c8900000| PB 0x00000000c8900000| Complete |  0
|  66|0x00000000c8a00000, 0x00000000c8b00000, 0x00000000c8b00000|100%| E|CS|TAMS 0x00000000c8a00000| PB 0x00000000c8a00000| Complete |  0
|  67|0x00000000c8b00000, 0x00000000c8c00000, 0x00000000c8c00000|100%| E|CS|TAMS 0x00000000c8b00000| PB 0x00000000c8b00000| Complete |  0
|  68|0x00000000c8c00000, 0x00000000c8d00000, 0x00000000c8d00000|100%| E|CS|TAMS 0x00000000c8c00000| PB 0x00000000c8c00000| Complete |  0
|  69|0x00000000c8d00000, 0x00000000c8e00000, 0x00000000c8e00000|100%| E|CS|TAMS 0x00000000c8d00000| PB 0x00000000c8d00000| Complete |  0
|  70|0x00000000c8e00000, 0x00000000c8f00000, 0x00000000c8f00000|100%| E|CS|TAMS 0x00000000c8e00000| PB 0x00000000c8e00000| Complete |  0
|  71|0x00000000c8f00000, 0x00000000c9000000, 0x00000000c9000000|100%| E|CS|TAMS 0x00000000c8f00000| PB 0x00000000c8f00000| Complete |  0

Card table byte_map: [0x000001c6adaf0000,0x000001c6adcd0000] _byte_map_base: 0x000001c6ad4cc000

Marking Bits: (CMBitMap*) 0x000001c6a27e17b0
 Bits: [0x000001c6adcd0000, 0x000001c6aebb0000)

Polling page: 0x000001c6a06d0000

Metaspace:

Usage:
  Non-class:     39.04 MB used.
      Class:      6.40 MB used.
       Both:     45.43 MB used.

Virtual space:
  Non-class space:       64.00 MB reserved,      39.38 MB ( 62%) committed,  1 nodes.
      Class space:        1.00 GB reserved,       6.69 MB ( <1%) committed,  1 nodes.
             Both:        1.06 GB reserved,      46.06 MB (  4%) committed. 

Chunk freelists:
   Non-Class:  8.61 MB
       Class:  9.36 MB
        Both:  17.97 MB

MaxMetaspaceSize: unlimited
CompressedClassSpaceSize: 1.00 GB
Initial GC threshold: 21.00 MB
Current GC threshold: 58.75 MB
CDS: on
 - commit_granule_bytes: 65536.
 - commit_granule_words: 8192.
 - virtual_space_node_default_size: 8388608.
 - enlarge_chunks_in_place: 1.
 - use_allocation_guard: 0.


Internal statistics:

num_allocs_failed_limit: 6.
num_arena_births: 896.
num_arena_deaths: 6.
num_vsnodes_births: 2.
num_vsnodes_deaths: 0.
num_space_committed: 737.
num_space_uncommitted: 0.
num_chunks_returned_to_freelist: 13.
num_chunks_taken_from_freelist: 2472.
num_chunk_merges: 6.
num_chunk_splits: 1746.
num_chunks_enlarged: 1306.
num_inconsistent_stats: 0.

CodeCache: size=49152Kb used=10146Kb max_used=10146Kb free=39005Kb
 bounds [0x000001c6aaaf0000, 0x000001c6ab4e0000, 0x000001c6adaf0000]
 total_blobs=6103 nmethods=5500 adapters=527
 compilation: enabled
              stopped_count=0, restarted_count=0
 full_count=0

Compilation events (20 events):
Event: 45.410 Thread 0x000001c6f2147000 5539       1       java.lang.invoke.MethodHandles$Lookup::lookupModes (8 bytes)
Event: 45.410 Thread 0x000001c6f2147000 nmethod 5539 0x000001c6ab4d4a10 code [0x000001c6ab4d4ba0, 0x000001c6ab4d4c70]
Event: 45.853 Thread 0x000001c6f2147000 5540       1       java.security.DrbgParameters$NextBytes::getStrength (5 bytes)
Event: 45.854 Thread 0x000001c6f2147000 nmethod 5540 0x000001c6ab4d4d10 code [0x000001c6ab4d4ea0, 0x000001c6ab4d4f68]
Event: 45.854 Thread 0x000001c6f2147000 5541       1       java.security.DrbgParameters$NextBytes::getPredictionResistance (5 bytes)
Event: 45.854 Thread 0x000001c6f2147000 nmethod 5541 0x000001c6ab4d5010 code [0x000001c6ab4d51a0, 0x000001c6ab4d5270]
Event: 45.858 Thread 0x000001c6f2147000 5542       1       java.io.ObjectOutputStream$HandleTable::growSpine (67 bytes)
Event: 45.858 Thread 0x000001c6f2147000 nmethod 5542 0x000001c6ab4d5310 code [0x000001c6ab4d54c0, 0x000001c6ab4d5768]
Event: 46.037 Thread 0x000001c6f2147000 5543   !   1       java.lang.Class::desiredAssertionStatus (54 bytes)
Event: 46.037 Thread 0x000001c6f2147000 nmethod 5543 0x000001c6ab4d5d10 code [0x000001c6ab4d5ee0, 0x000001c6ab4d61e0]
Event: 46.071 Thread 0x000001c6f2147000 5545       1       jdk.internal.loader.BuiltinClassLoader::findResources (182 bytes)
Event: 46.074 Thread 0x000001c6f2147000 nmethod 5545 0x000001c6ab4d6390 code [0x000001c6ab4d6660, 0x000001c6ab4d7190]
Event: 46.074 Thread 0x000001c6f2147000 5546       1       jdk.internal.loader.BuiltinClassLoader::findResourcesOnClassPath (43 bytes)
Event: 46.075 Thread 0x000001c6f2147000 nmethod 5546 0x000001c6ab4d7910 code [0x000001c6ab4d7ac0, 0x000001c6ab4d7d00]
Event: 46.075 Thread 0x000001c6f2147000 5547       1       jdk.internal.loader.BuiltinClassLoader$1::<init> (28 bytes)
Event: 46.075 Thread 0x000001c6f2147000 nmethod 5547 0x000001c6ab4d7e10 code [0x000001c6ab4d7fc0, 0x000001c6ab4d81d0]
Event: 46.089 Thread 0x000001c6f2147000 5548       1       java.lang.CompoundEnumeration::hasMoreElements (5 bytes)
Event: 46.090 Thread 0x000001c6f2147000 nmethod 5548 0x000001c6ab4d8290 code [0x000001c6ab4d8420, 0x000001c6ab4d8500]
Event: 46.215 Thread 0x000001c6f2147000 5549       1       jdk.internal.misc.InternalLock::<init> (16 bytes)
Event: 46.216 Thread 0x000001c6f2147000 nmethod 5549 0x000001c6ab4d8590 code [0x000001c6ab4d8720, 0x000001c6ab4d8950]

GC Heap History (20 events):
Event: 11.307 GC heap before
{Heap before GC invocations=3 (full 0):
 garbage-first heap   total reserved 974848K, committed 61440K, used 36360K [0x00000000c4800000, 0x0000000100000000)
  region size 1024K, 24 young (24576K), 3 survivors (3072K)
 Metaspace       used 15894K, committed 16256K, reserved 1114112K
  class space    used 2059K, committed 2176K, reserved 1048576K
}
Event: 11.323 GC heap after
{Heap after GC invocations=4 (full 0):
 garbage-first heap   total reserved 974848K, committed 61440K, used 17860K [0x00000000c4800000, 0x0000000100000000)
  region size 1024K, 2 young (2048K), 2 survivors (2048K)
 Metaspace       used 15894K, committed 16256K, reserved 1114112K
  class space    used 2059K, committed 2176K, reserved 1048576K
}
Event: 17.603 GC heap before
{Heap before GC invocations=4 (full 0):
 garbage-first heap   total reserved 974848K, committed 61440K, used 41412K [0x00000000c4800000, 0x0000000100000000)
  region size 1024K, 25 young (25600K), 2 survivors (2048K)
 Metaspace       used 20979K, committed 21376K, reserved 1114112K
  class space    used 2707K, committed 2880K, reserved 1048576K
}
Event: 17.619 GC heap after
{Heap after GC invocations=5 (full 0):
 garbage-first heap   total reserved 974848K, committed 61440K, used 19502K [0x00000000c4800000, 0x0000000100000000)
  region size 1024K, 4 young (4096K), 4 survivors (4096K)
 Metaspace       used 20979K, committed 21376K, reserved 1114112K
  class space    used 2707K, committed 2880K, reserved 1048576K
}
Event: 18.431 GC heap before
{Heap before GC invocations=5 (full 0):
 garbage-first heap   total reserved 974848K, committed 61440K, used 25646K [0x00000000c4800000, 0x0000000100000000)
  region size 1024K, 11 young (11264K), 4 survivors (4096K)
 Metaspace       used 21166K, committed 21504K, reserved 1114112K
  class space    used 2740K, committed 2880K, reserved 1048576K
}
Event: 18.443 GC heap after
{Heap after GC invocations=6 (full 0):
 garbage-first heap   total reserved 974848K, committed 61440K, used 19861K [0x00000000c4800000, 0x0000000100000000)
  region size 1024K, 2 young (2048K), 2 survivors (2048K)
 Metaspace       used 21166K, committed 21504K, reserved 1114112K
  class space    used 2740K, committed 2880K, reserved 1048576K
}
Event: 22.265 GC heap before
{Heap before GC invocations=7 (full 0):
 garbage-first heap   total reserved 974848K, committed 61440K, used 48533K [0x00000000c4800000, 0x0000000100000000)
  region size 1024K, 31 young (31744K), 2 survivors (2048K)
 Metaspace       used 26271K, committed 26688K, reserved 1114112K
  class space    used 3459K, committed 3648K, reserved 1048576K
}
Event: 22.284 GC heap after
{Heap after GC invocations=8 (full 0):
 garbage-first heap   total reserved 974848K, committed 61440K, used 22417K [0x00000000c4800000, 0x0000000100000000)
  region size 1024K, 4 young (4096K), 4 survivors (4096K)
 Metaspace       used 26271K, committed 26688K, reserved 1114112K
  class space    used 3459K, committed 3648K, reserved 1048576K
}
Event: 24.301 GC heap before
{Heap before GC invocations=8 (full 0):
 garbage-first heap   total reserved 974848K, committed 61440K, used 49041K [0x00000000c4800000, 0x0000000100000000)
  region size 1024K, 31 young (31744K), 4 survivors (4096K)
 Metaspace       used 27703K, committed 28160K, reserved 1114112K
  class space    used 3685K, committed 3904K, reserved 1048576K
}
Event: 24.327 GC heap after
{Heap after GC invocations=9 (full 0):
 garbage-first heap   total reserved 974848K, committed 61440K, used 25265K [0x00000000c4800000, 0x0000000100000000)
  region size 1024K, 3 young (3072K), 3 survivors (3072K)
 Metaspace       used 27703K, committed 28160K, reserved 1114112K
  class space    used 3685K, committed 3904K, reserved 1048576K
}
Event: 26.251 GC heap before
{Heap before GC invocations=9 (full 0):
 garbage-first heap   total reserved 974848K, committed 61440K, used 49841K [0x00000000c4800000, 0x0000000100000000)
  region size 1024K, 28 young (28672K), 3 survivors (3072K)
 Metaspace       used 30286K, committed 30720K, reserved 1114112K
  class space    used 4074K, committed 4288K, reserved 1048576K
}
Event: 26.267 GC heap after
{Heap after GC invocations=10 (full 0):
 garbage-first heap   total reserved 974848K, committed 61440K, used 27350K [0x00000000c4800000, 0x0000000100000000)
  region size 1024K, 2 young (2048K), 2 survivors (2048K)
 Metaspace       used 30286K, committed 30720K, reserved 1114112K
  class space    used 4074K, committed 4288K, reserved 1048576K
}
Event: 29.555 GC heap before
{Heap before GC invocations=10 (full 0):
 garbage-first heap   total reserved 974848K, committed 61440K, used 51926K [0x00000000c4800000, 0x0000000100000000)
  region size 1024K, 26 young (26624K), 2 survivors (2048K)
 Metaspace       used 33154K, committed 33664K, reserved 1114112K
  class space    used 4611K, committed 4800K, reserved 1048576K
}
Event: 29.580 GC heap after
{Heap after GC invocations=11 (full 0):
 garbage-first heap   total reserved 974848K, committed 61440K, used 28374K [0x00000000c4800000, 0x0000000100000000)
  region size 1024K, 3 young (3072K), 3 survivors (3072K)
 Metaspace       used 33154K, committed 33664K, reserved 1114112K
  class space    used 4611K, committed 4800K, reserved 1048576K
}
Event: 33.415 GC heap before
{Heap before GC invocations=11 (full 0):
 garbage-first heap   total reserved 974848K, committed 61440K, used 46806K [0x00000000c4800000, 0x0000000100000000)
  region size 1024K, 22 young (22528K), 3 survivors (3072K)
 Metaspace       used 35479K, committed 35968K, reserved 1114112K
  class space    used 4958K, committed 5184K, reserved 1048576K
}
Event: 33.435 GC heap after
{Heap after GC invocations=12 (full 0):
 garbage-first heap   total reserved 974848K, committed 61440K, used 30104K [0x00000000c4800000, 0x0000000100000000)
  region size 1024K, 3 young (3072K), 3 survivors (3072K)
 Metaspace       used 35479K, committed 35968K, reserved 1114112K
  class space    used 4958K, committed 5184K, reserved 1048576K
}
Event: 37.684 GC heap before
{Heap before GC invocations=13 (full 0):
 garbage-first heap   total reserved 974848K, committed 61440K, used 53656K [0x00000000c4800000, 0x0000000100000000)
  region size 1024K, 26 young (26624K), 3 survivors (3072K)
 Metaspace       used 39073K, committed 39680K, reserved 1114112K
  class space    used 5485K, committed 5760K, reserved 1048576K
}
Event: 37.707 GC heap after
{Heap after GC invocations=14 (full 0):
 garbage-first heap   total reserved 974848K, committed 73728K, used 31833K [0x00000000c4800000, 0x0000000100000000)
  region size 1024K, 4 young (4096K), 4 survivors (4096K)
 Metaspace       used 39073K, committed 39680K, reserved 1114112K
  class space    used 5485K, committed 5760K, reserved 1048576K
}
Event: 42.350 GC heap before
{Heap before GC invocations=14 (full 0):
 garbage-first heap   total reserved 974848K, committed 73728K, used 64601K [0x00000000c4800000, 0x0000000100000000)
  region size 1024K, 35 young (35840K), 4 survivors (4096K)
 Metaspace       used 42234K, committed 42816K, reserved 1114112K
  class space    used 5899K, committed 6144K, reserved 1048576K
}
Event: 42.377 GC heap after
{Heap after GC invocations=15 (full 0):
 garbage-first heap   total reserved 974848K, committed 73728K, used 33439K [0x00000000c4800000, 0x0000000100000000)
  region size 1024K, 4 young (4096K), 4 survivors (4096K)
 Metaspace       used 42234K, committed 42816K, reserved 1114112K
  class space    used 5899K, committed 6144K, reserved 1048576K
}

Dll operation events (12 events):
Event: 0.047 Loaded shared library C:\Program Files\Java\jdk-22\bin\java.dll
Event: 1.318 Loaded shared library C:\Program Files\Java\jdk-22\bin\zip.dll
Event: 1.330 Loaded shared library C:\Program Files\Java\jdk-22\bin\instrument.dll
Event: 1.373 Loaded shared library C:\Program Files\Java\jdk-22\bin\net.dll
Event: 1.380 Loaded shared library C:\Program Files\Java\jdk-22\bin\nio.dll
Event: 1.450 Loaded shared library C:\Program Files\Java\jdk-22\bin\zip.dll
Event: 1.880 Loaded shared library C:\Program Files\Java\jdk-22\bin\jimage.dll
Event: 2.391 Loaded shared library D:\HK1 nam4\LapTrinhWWW\IntelliJ IDEA 2024.3\bin\breakgen64.dll
Event: 2.559 Loaded shared library C:\Program Files\Java\jdk-22\bin\extnet.dll
Event: 2.712 Loaded shared library C:\Program Files\Java\jdk-22\bin\management.dll
Event: 2.761 Loaded shared library C:\Program Files\Java\jdk-22\bin\management_ext.dll
Event: 20.277 Loaded shared library C:\Program Files\Java\jdk-22\bin\sunmscapi.dll

Deoptimization events (2 events):
Event: 35.915 Thread 0x000001c6a27aa2e0 DEOPT PACKING pc=0x000001c6ab38162c sp=0x000000033acfda30
Event: 35.915 Thread 0x000001c6a27aa2e0 DEOPT UNPACKING pc=0x000001c6aab44e42 sp=0x000000033acfcfd8 mode 0

Classes loaded (20 events):
Event: 42.882 Loading class java/util/concurrent/Executors$AutoShutdownDelegatedExecutorService
Event: 42.883 Loading class java/util/concurrent/Executors$DelegatedExecutorService
Event: 42.883 Loading class java/util/concurrent/Executors$DelegatedExecutorService done
Event: 42.883 Loading class java/util/concurrent/Executors$AutoShutdownDelegatedExecutorService done
Event: 43.490 Loading class java/lang/instrument/ClassFileTransformer
Event: 43.490 Loading class java/lang/instrument/ClassFileTransformer done
Event: 45.413 Loading class java/util/UUID$Holder
Event: 45.413 Loading class java/util/UUID$Holder done
Event: 46.141 Loading class javax/xml/stream/XMLStreamException
Event: 46.142 Loading class javax/xml/stream/XMLStreamException done
Event: 46.142 Loading class javax/xml/stream/XMLEventReader
Event: 46.142 Loading class javax/xml/stream/XMLEventReader done
Event: 46.185 Loading class javax/xml/stream/XMLEventFactory
Event: 46.186 Loading class javax/xml/stream/XMLEventFactory done
Event: 46.186 Loading class javax/xml/stream/FactoryFinder
Event: 46.188 Loading class javax/xml/stream/FactoryFinder done
Event: 46.192 Loading class javax/xml/stream/FactoryFinder$1
Event: 46.192 Loading class javax/xml/stream/FactoryFinder$1 done
Event: 46.196 Loading class com/sun/xml/internal/stream/events/XMLEventFactoryImpl
Event: 46.197 Loading class com/sun/xml/internal/stream/events/XMLEventFactoryImpl done

Classes unloaded (3 events):
Event: 33.532 Thread 0x000001c6f2124d70 Unloading class 0x000001c6b2003800 'java/lang/invoke/LambdaForm$MH+0x000001c6b2003800'
Event: 33.532 Thread 0x000001c6f2124d70 Unloading class 0x000001c6b2003400 'java/lang/invoke/LambdaForm$MH+0x000001c6b2003400'
Event: 33.532 Thread 0x000001c6f2124d70 Unloading class 0x000001c6b2002c00 'java/lang/invoke/LambdaForm$MH+0x000001c6b2002c00'

Classes redefined (0 events):
No events

Internal exceptions (20 events):
Event: 37.463 Thread 0x000001c6a27aa2e0 Exception <a 'java/lang/NoSuchMethodError'{0x00000000c7152f68}: 'void java.lang.invoke.DirectMethodHandle$Holder.invokeStatic(java.lang.Object, int, java.lang.Object)'> (0x00000000c7152f68) 
thrown [s\open\src\hotspot\share\interpreter\linkResolver.cpp, line 774]
Event: 37.508 Thread 0x000001c6a27aa2e0 Exception <a 'java/lang/NoSuchMethodError'{0x00000000c718ab30}: 'void java.lang.invoke.DirectMethodHandle$Holder.invokeStatic(java.lang.Object, java.lang.Object, java.lang.Object, int, java.lang.Object)'> (0x00000000c718ab30) 
thrown [s\open\src\hotspot\share\interpreter\linkResolver.cpp, line 774]
Event: 37.510 Thread 0x000001c6a27aa2e0 Exception <a 'java/lang/NoSuchMethodError'{0x00000000c71914b0}: 'java.lang.Object java.lang.invoke.DirectMethodHandle$Holder.newInvokeSpecial(java.lang.Object, java.lang.Object, java.lang.Object, int)'> (0x00000000c71914b0) 
thrown [s\open\src\hotspot\share\interpreter\linkResolver.cpp, line 774]
Event: 37.510 Thread 0x000001c6a27aa2e0 Exception <a 'java/lang/NoSuchMethodError'{0x00000000c71953f0}: 'java.lang.Object java.lang.invoke.DirectMethodHandle$Holder.invokeSpecial(java.lang.Object, java.lang.Object, java.lang.Object, java.lang.Object, int)'> (0x00000000c71953f0) 
thrown [s\open\src\hotspot\share\interpreter\linkResolver.cpp, line 774]
Event: 37.511 Thread 0x000001c6a27aa2e0 Exception <a 'java/lang/NoSuchMethodError'{0x00000000c7198888}: 'java.lang.Object java.lang.invoke.Invokers$Holder.linkToTargetMethod(java.lang.Object, java.lang.Object, int, java.lang.Object)'> (0x00000000c7198888) 
thrown [s\open\src\hotspot\share\interpreter\linkResolver.cpp, line 774]
Event: 38.787 Thread 0x000001c6a27aa2e0 Exception <a 'java/lang/NoSuchMethodError'{0x00000000c88ae7a8}: 'int java.lang.invoke.DirectMethodHandle$Holder.invokeVirtual(java.lang.Object, java.lang.Object, java.lang.Object, java.lang.Object)'> (0x00000000c88ae7a8) 
thrown [s\open\src\hotspot\share\interpreter\linkResolver.cpp, line 774]
Event: 38.788 Thread 0x000001c6a27aa2e0 Exception <a 'java/lang/NoSuchMethodError'{0x00000000c88b2068}: 'int java.lang.invoke.DelegatingMethodHandle$Holder.reinvoke_L(java.lang.Object, java.lang.Object, java.lang.Object, java.lang.Object)'> (0x00000000c88b2068) 
thrown [s\open\src\hotspot\share\interpreter\linkResolver.cpp, line 774]
Event: 39.173 Thread 0x000001c6a27aa2e0 Exception <a 'java/io/FileNotFoundException'{0x00000000c87d4160}> (0x00000000c87d4160) 
thrown [s\open\src\hotspot\share\prims\jni.cpp, line 520]
Event: 39.763 Thread 0x000001c6a27aa2e0 Exception <a 'java/lang/NoSuchMethodError'{0x00000000c8201848}: 'int java.lang.invoke.DirectMethodHandle$Holder.invokeInterface(java.lang.Object, java.lang.Object, java.lang.Object, java.lang.Object)'> (0x00000000c8201848) 
thrown [s\open\src\hotspot\share\interpreter\linkResolver.cpp, line 774]
Event: 40.713 Thread 0x000001c6a27aa2e0 Exception <a 'java/lang/NoSuchMethodError'{0x00000000c7f64cc0}: 'java.lang.Object java.lang.invoke.DirectMethodHandle$Holder.invokeStaticInit(java.lang.Object, java.lang.Object, java.lang.Object, java.lang.Object)'> (0x00000000c7f64cc0) 
thrown [s\open\src\hotspot\share\interpreter\linkResolver.cpp, line 774]
Event: 40.761 Thread 0x000001c6a27aa2e0 Exception <a 'java/lang/IncompatibleClassChangeError'{0x00000000c7f75bf0}: Found class java.lang.Object, but interface was expected> (0x00000000c7f75bf0) 
thrown [s\open\src\hotspot\share\interpreter\linkResolver.cpp, line 841]
Event: 40.768 Thread 0x000001c6a27aa2e0 Exception <a 'java/lang/IncompatibleClassChangeError'{0x00000000c7f81f80}: Found class java.lang.Object, but interface was expected> (0x00000000c7f81f80) 
thrown [s\open\src\hotspot\share\interpreter\linkResolver.cpp, line 841]
Event: 40.795 Thread 0x000001c6a27aa2e0 Exception <a 'java/lang/IncompatibleClassChangeError'{0x00000000c7fab638}: Found class java.lang.Object, but interface was expected> (0x00000000c7fab638) 
thrown [s\open\src\hotspot\share\interpreter\linkResolver.cpp, line 841]
Event: 41.707 Thread 0x000001c6a27aa2e0 Exception <a 'java/lang/NoSuchMethodError'{0x00000000c77ec410}: 'void java.lang.invoke.DirectMethodHandle$Holder.invokeInterface(java.lang.Object, java.lang.Object, int, java.lang.Object)'> (0x00000000c77ec410) 
thrown [s\open\src\hotspot\share\interpreter\linkResolver.cpp, line 774]
Event: 41.708 Thread 0x000001c6a27aa2e0 Exception <a 'java/lang/NoSuchMethodError'{0x00000000c77f0070}: 'void java.lang.invoke.DelegatingMethodHandle$Holder.reinvoke_L(java.lang.Object, java.lang.Object, int, java.lang.Object)'> (0x00000000c77f0070) 
thrown [s\open\src\hotspot\share\interpreter\linkResolver.cpp, line 774]
Event: 41.718 Thread 0x000001c6a27aa2e0 Exception <a 'java/lang/NoSuchMethodError'{0x00000000c763a830}: 'int java.lang.invoke.DirectMethodHandle$Holder.invokeStaticInit(java.lang.Object, int, java.lang.Object, java.lang.Object, java.lang.Object, java.lang.Object)'> (0x00000000c763a830) 
thrown [s\open\src\hotspot\share\interpreter\linkResolver.cpp, line 774]
Event: 41.749 Thread 0x000001c6a27aa2e0 Exception <a 'java/lang/NoSuchMethodError'{0x00000000c76eb038}: 'java.lang.Object java.lang.invoke.DirectMethodHandle$Holder.invokeStatic(java.lang.Object, java.lang.Object, int, java.lang.Object)'> (0x00000000c76eb038) 
thrown [s\open\src\hotspot\share\interpreter\linkResolver.cpp, line 774]
Event: 41.751 Thread 0x000001c6a27aa2e0 Exception <a 'java/lang/NoSuchMethodError'{0x00000000c76fd768}: 'java.lang.Object java.lang.invoke.DirectMethodHandle$Holder.newInvokeSpecial(java.lang.Object, java.lang.Object, int)'> (0x00000000c76fd768) 
thrown [s\open\src\hotspot\share\interpreter\linkResolver.cpp, line 774]
Event: 43.245 Thread 0x000001c6a27aa2e0 Exception <a 'java/lang/NoSuchMethodError'{0x00000000c89c88e8}: 'java.lang.Object java.lang.invoke.DirectMethodHandle$Holder.newInvokeSpecial(java.lang.Object, java.lang.Object, java.lang.Object, java.lang.Object, java.lang.Object, java.lang.Object, java.lang.Object, java.lang.Object, java.lang.Object, java.lang.Object, java.lang.Object)'> (0x00000000c89c88e8) 
thrown [s\open\src\hotspot\share\interpreter\linkResolver.cpp, line 774]
Event: 43.628 Thread 0x000001c6a27aa2e0 Exception <a 'java/lang/NoSuchMethodError'{0x00000000c8498e68}: 'void java.lang.invoke.DelegatingMethodHandle$Holder.reinvoke_L(java.lang.Object, java.lang.Object, java.lang.Object, java.lang.Object, int, java.lang.Object, java.lang.Object, java.lang.Object)'> (0x00000000c8498e68) 
thrown [s\open\src\hotspot\share\interpreter\linkResolver.cpp, line 774]

ZGC Phase Switch (0 events):
No events

VM Operations (20 events):
Event: 41.349 Executing VM operation: HandshakeAllThreads (Deoptimize)
Event: 41.349 Executing VM operation: HandshakeAllThreads (Deoptimize) done
Event: 41.353 Executing VM operation: HandshakeAllThreads (Deoptimize)
Event: 41.353 Executing VM operation: HandshakeAllThreads (Deoptimize) done
Event: 42.232 Executing VM operation: HandshakeAllThreads (Deoptimize)
Event: 42.232 Executing VM operation: HandshakeAllThreads (Deoptimize) done
Event: 42.232 Executing VM operation: Cleanup
Event: 42.232 Executing VM operation: Cleanup done
Event: 42.234 Executing VM operation: HandshakeAllThreads (Deoptimize)
Event: 42.234 Executing VM operation: HandshakeAllThreads (Deoptimize) done
Event: 42.316 Executing VM operation: HandshakeAllThreads (Deoptimize)
Event: 42.317 Executing VM operation: HandshakeAllThreads (Deoptimize) done
Event: 42.350 Executing VM operation: G1CollectForAllocation (G1 Evacuation Pause)
Event: 42.377 Executing VM operation: G1CollectForAllocation (G1 Evacuation Pause) done
Event: 43.389 Executing VM operation: Cleanup
Event: 43.390 Executing VM operation: Cleanup done
Event: 44.409 Executing VM operation: Cleanup
Event: 44.410 Executing VM operation: Cleanup done
Event: 45.417 Executing VM operation: Cleanup
Event: 45.446 Executing VM operation: Cleanup done

Memory protections (0 events):
No events

Nmethod flushes (20 events):
Event: 33.595 Thread 0x000001c6f2124d70 flushing  nmethod 0x000001c6aac8ff90
Event: 33.595 Thread 0x000001c6f2124d70 flushing  nmethod 0x000001c6aac91010
Event: 33.595 Thread 0x000001c6f2124d70 flushing  nmethod 0x000001c6aaca7790
Event: 33.595 Thread 0x000001c6f2124d70 flushing  nmethod 0x000001c6aacb4790
Event: 33.595 Thread 0x000001c6f2124d70 flushing  nmethod 0x000001c6aacb5010
Event: 33.595 Thread 0x000001c6f2124d70 flushing  nmethod 0x000001c6aacbed10
Event: 33.595 Thread 0x000001c6f2124d70 flushing  nmethod 0x000001c6aacccc10
Event: 33.595 Thread 0x000001c6f2124d70 flushing  nmethod 0x000001c6aacce710
Event: 33.595 Thread 0x000001c6f2124d70 flushing  nmethod 0x000001c6aacceb10
Event: 33.595 Thread 0x000001c6f2124d70 flushing  nmethod 0x000001c6aad29610
Event: 33.595 Thread 0x000001c6f2124d70 flushing  nmethod 0x000001c6aad3b510
Event: 33.595 Thread 0x000001c6f2124d70 flushing  nmethod 0x000001c6aad4ce90
Event: 33.595 Thread 0x000001c6f2124d70 flushing  nmethod 0x000001c6aad62a90
Event: 33.595 Thread 0x000001c6f2124d70 flushing  nmethod 0x000001c6aad62e90
Event: 33.595 Thread 0x000001c6f2124d70 flushing  nmethod 0x000001c6aad66790
Event: 33.595 Thread 0x000001c6f2124d70 flushing  nmethod 0x000001c6aadff390
Event: 33.595 Thread 0x000001c6f2124d70 flushing  nmethod 0x000001c6aadffe10
Event: 33.595 Thread 0x000001c6f2124d70 flushing  nmethod 0x000001c6aae44990
Event: 33.595 Thread 0x000001c6f2124d70 flushing  nmethod 0x000001c6aaeadc10
Event: 33.595 Thread 0x000001c6f2124d70 flushing  nmethod 0x000001c6aaeb7310

Events (20 events):
Event: 41.863 Thread 0x000001c6f829efa0 Thread added: 0x000001c6f829ced0
Event: 41.867 Thread 0x000001c6f829ced0 Thread exited: 0x000001c6f829ced0
Event: 42.378 Thread 0x000001c6f829efa0 Thread added: 0x000001c6f829e910
Event: 42.388 Thread 0x000001c6a27aa2e0 Thread added: 0x000001c6f829f630
Event: 42.394 Thread 0x000001c6f829e910 Thread exited: 0x000001c6f829e910
Event: 42.415 Thread 0x000001c6a27aa2e0 Thread added: 0x000001c6f829ced0
Event: 42.475 Thread 0x000001c6a27aa2e0 Thread added: 0x000001c6f829d560
Event: 42.884 Thread 0x000001c6a27aa2e0 Thread added: 0x000001c6f829dbf0
Event: 42.906 Thread 0x000001c6f2a611f0 Thread added: 0x000001c6f829e280
Event: 43.086 Thread 0x000001c6f829e280 Thread exited: 0x000001c6f829e280
Event: 43.423 Thread 0x000001c6f829efa0 Thread added: 0x000001c6f829e280
Event: 43.434 Thread 0x000001c6f829e280 Thread exited: 0x000001c6f829e280
Event: 44.106 Thread 0x000001c6f829efa0 Thread added: 0x000001c6f829e280
Event: 44.191 Thread 0x000001c6f829e280 Thread exited: 0x000001c6f829e280
Event: 44.828 Thread 0x000001c6f829efa0 Thread added: 0x000001c6f829e280
Event: 44.938 Thread 0x000001c6f829e280 Thread exited: 0x000001c6f829e280
Event: 45.344 Thread 0x000001c6f2a611f0 Thread added: 0x000001c6f829e280
Event: 45.447 Thread 0x000001c6f829e280 Thread exited: 0x000001c6f829e280
Event: 45.853 Thread 0x000001c6f829efa0 Thread added: 0x000001c6f829e910
Event: 45.906 Thread 0x000001c6f829e910 Thread exited: 0x000001c6f829e910


Dynamic libraries:
0x00007ff7fb850000 - 0x00007ff7fb860000 	C:\Program Files\Java\jdk-22\bin\java.exe
0x00007ffd06b10000 - 0x00007ffd06d08000 	C:\WINDOWS\SYSTEM32\ntdll.dll
0x00007ffd06890000 - 0x00007ffd06952000 	C:\WINDOWS\System32\KERNEL32.DLL
0x00007ffd04200000 - 0x00007ffd044f6000 	C:\WINDOWS\System32\KERNELBASE.dll
0x00007ffd04900000 - 0x00007ffd04a00000 	C:\WINDOWS\System32\ucrtbase.dll
0x00007ffcf9900000 - 0x00007ffcf9917000 	C:\Program Files\Java\jdk-22\bin\jli.dll
0x00007ffcf8c00000 - 0x00007ffcf8c1b000 	C:\Program Files\Java\jdk-22\bin\VCRUNTIME140.dll
0x00007ffd066b0000 - 0x00007ffd0684d000 	C:\WINDOWS\System32\USER32.dll
0x00007ffd04620000 - 0x00007ffd04642000 	C:\WINDOWS\System32\win32u.dll
0x00007ffcf1b90000 - 0x00007ffcf1e2a000 	C:\WINDOWS\WinSxS\amd64_microsoft.windows.common-controls_6595b64144ccf1df_6.0.19041.5794_none_60bcd33171f2783c\COMCTL32.dll
0x00007ffd06860000 - 0x00007ffd0688b000 	C:\WINDOWS\System32\GDI32.dll
0x00007ffd05cf0000 - 0x00007ffd05d8e000 	C:\WINDOWS\System32\msvcrt.dll
0x00007ffd04680000 - 0x00007ffd0479a000 	C:\WINDOWS\System32\gdi32full.dll
0x00007ffd04580000 - 0x00007ffd0461d000 	C:\WINDOWS\System32\msvcp_win.dll
0x00007ffd04b40000 - 0x00007ffd04b6f000 	C:\WINDOWS\System32\IMM32.DLL
0x00007ffcf26a0000 - 0x00007ffcf26ac000 	C:\Program Files\Java\jdk-22\bin\vcruntime140_1.dll
0x00007ffcd3ab0000 - 0x00007ffcd3b3e000 	C:\Program Files\Java\jdk-22\bin\msvcp140.dll
0x00007ffcc89c0000 - 0x00007ffcc9709000 	C:\Program Files\Java\jdk-22\bin\server\jvm.dll
0x00007ffd05a20000 - 0x00007ffd05acf000 	C:\WINDOWS\System32\ADVAPI32.dll
0x00007ffd06960000 - 0x00007ffd069ff000 	C:\WINDOWS\System32\sechost.dll
0x00007ffd058f0000 - 0x00007ffd05a13000 	C:\WINDOWS\System32\RPCRT4.dll
0x00007ffd04650000 - 0x00007ffd04677000 	C:\WINDOWS\System32\bcrypt.dll
0x00007ffd05ad0000 - 0x00007ffd05b3b000 	C:\WINDOWS\System32\WS2_32.dll
0x00007ffd04010000 - 0x00007ffd0405b000 	C:\WINDOWS\SYSTEM32\POWRPROF.dll
0x00007ffcfbc30000 - 0x00007ffcfbc3a000 	C:\WINDOWS\SYSTEM32\VERSION.dll
0x00007ffcef820000 - 0x00007ffcef847000 	C:\WINDOWS\SYSTEM32\WINMM.dll
0x00007ffd03ff0000 - 0x00007ffd04002000 	C:\WINDOWS\SYSTEM32\UMPDC.dll
0x00007ffd029d0000 - 0x00007ffd029e2000 	C:\WINDOWS\SYSTEM32\kernel.appcore.dll
0x00007ffcf2550000 - 0x00007ffcf255a000 	C:\Program Files\Java\jdk-22\bin\jimage.dll
0x00007ffd026c0000 - 0x00007ffd028c1000 	C:\WINDOWS\SYSTEM32\DBGHELP.DLL
0x00007ffcefef0000 - 0x00007ffceff24000 	C:\WINDOWS\SYSTEM32\dbgcore.DLL
0x00007ffd04ab0000 - 0x00007ffd04b32000 	C:\WINDOWS\System32\bcryptPrimitives.dll
0x00007ffcd42c0000 - 0x00007ffcd42cf000 	C:\Program Files\Java\jdk-22\bin\instrument.dll
0x00007ffcefdd0000 - 0x00007ffcefdee000 	C:\Program Files\Java\jdk-22\bin\java.dll
0x00007ffd05eb0000 - 0x00007ffd0661e000 	C:\WINDOWS\System32\SHELL32.dll
0x00007ffd04f90000 - 0x00007ffd050bb000 	C:\WINDOWS\System32\ole32.dll
0x00007ffd04bd0000 - 0x00007ffd04f23000 	C:\WINDOWS\System32\combase.dll
0x00007ffd01e40000 - 0x00007ffd025e3000 	C:\WINDOWS\SYSTEM32\windows.storage.dll
0x00007ffd03b70000 - 0x00007ffd03b9b000 	C:\WINDOWS\SYSTEM32\Wldp.dll
0x00007ffd06a00000 - 0x00007ffd06acd000 	C:\WINDOWS\System32\OLEAUT32.dll
0x00007ffd05b40000 - 0x00007ffd05bed000 	C:\WINDOWS\System32\SHCORE.dll
0x00007ffd04b70000 - 0x00007ffd04bc5000 	C:\WINDOWS\System32\shlwapi.dll
0x00007ffd040e0000 - 0x00007ffd04105000 	C:\WINDOWS\SYSTEM32\profapi.dll
0x00007ffce91c0000 - 0x00007ffce91d7000 	C:\Program Files\Java\jdk-22\bin\zip.dll
0x00007ffcf2400000 - 0x00007ffcf2410000 	C:\Program Files\Java\jdk-22\bin\net.dll
0x00007ffd03870000 - 0x00007ffd038dc000 	C:\WINDOWS\system32\mswsock.dll
0x00007ffcecd40000 - 0x00007ffcecd56000 	C:\Program Files\Java\jdk-22\bin\nio.dll
0x00007ffcd3980000 - 0x00007ffcd399a000 	D:\HK1 nam4\LapTrinhWWW\IntelliJ IDEA 2024.3\bin\breakgen64.dll
0x00007ffd03590000 - 0x00007ffd0365a000 	C:\WINDOWS\SYSTEM32\DNSAPI.dll
0x00007ffd03550000 - 0x00007ffd0358b000 	C:\WINDOWS\SYSTEM32\IPHLPAPI.DLL
0x00007ffd05ce0000 - 0x00007ffd05ce8000 	C:\WINDOWS\System32\NSI.dll
0x00007ffcfbb40000 - 0x00007ffcfbb4a000 	C:\Windows\System32\rasadhlp.dll
0x00007ffcebb10000 - 0x00007ffcebb90000 	C:\WINDOWS\System32\fwpuclnt.dll
0x00007ffcf14f0000 - 0x00007ffcf14f9000 	C:\Program Files\Java\jdk-22\bin\extnet.dll
0x00007ffcfc580000 - 0x00007ffcfc58a000 	C:\Program Files\Java\jdk-22\bin\management.dll
0x00007ffcfc390000 - 0x00007ffcfc39b000 	C:\Program Files\Java\jdk-22\bin\management_ext.dll
0x00007ffd066a0000 - 0x00007ffd066a8000 	C:\WINDOWS\System32\PSAPI.DLL
0x00007ffd03ac0000 - 0x00007ffd03ad8000 	C:\WINDOWS\SYSTEM32\CRYPTSP.dll
0x00007ffd03190000 - 0x00007ffd031c8000 	C:\WINDOWS\system32\rsaenh.dll
0x00007ffd04060000 - 0x00007ffd0408e000 	C:\WINDOWS\SYSTEM32\USERENV.dll
0x00007ffd03ae0000 - 0x00007ffd03aec000 	C:\WINDOWS\SYSTEM32\CRYPTBASE.dll
0x00007ffce3e40000 - 0x00007ffce3e57000 	C:\WINDOWS\system32\napinsp.dll
0x00007ffce3dc0000 - 0x00007ffce3ddb000 	C:\WINDOWS\system32\pnrpnsp.dll
0x00007ffd00830000 - 0x00007ffd0084d000 	C:\WINDOWS\system32\wshbth.dll
0x00007ffcfdf50000 - 0x00007ffcfdf6d000 	C:\WINDOWS\system32\NLAapi.dll
0x00007ffce3da0000 - 0x00007ffce3db2000 	C:\WINDOWS\System32\winrnr.dll
0x00007ffce5440000 - 0x00007ffce5491000 	C:\WINDOWS\SYSTEM32\pdh.dll
0x00007ffd00180000 - 0x00007ffd0018f000 	C:\WINDOWS\System32\perfproc.dll
0x00007ffce2320000 - 0x00007ffce232f000 	C:\WINDOWS\System32\perfos.dll
0x00007ffcf14d0000 - 0x00007ffcf14de000 	C:\Program Files\Java\jdk-22\bin\sunmscapi.dll
0x00007ffd047a0000 - 0x00007ffd048fd000 	C:\WINDOWS\System32\CRYPT32.dll
0x00007ffd03be0000 - 0x00007ffd03c07000 	C:\WINDOWS\SYSTEM32\ncrypt.dll
0x00007ffd03ba0000 - 0x00007ffd03bdb000 	C:\WINDOWS\SYSTEM32\NTASN1.dll

dbghelp: loaded successfully - version: 4.0.5 - missing functions: none
symbol engine: initialized successfully - sym options: 0x614 - pdb path: .;C:\Program Files\Java\jdk-22\bin;C:\WINDOWS\SYSTEM32;C:\WINDOWS\WinSxS\amd64_microsoft.windows.common-controls_6595b64144ccf1df_6.0.19041.5794_none_60bcd33171f2783c;C:\Program Files\Java\jdk-22\bin\server;D:\HK1 nam4\LapTrinhWWW\IntelliJ IDEA 2024.3\bin

VM Arguments:
jvm_args: -XX:TieredStopAtLevel=1 -Dspring.output.ansi.enabled=always -Dcom.sun.management.jmxremote -Dspring.jmx.enabled=true -Dspring.liveBeansView.mbeanDomain -Dspring.application.admin.enabled=true -Dmanagement.endpoints.jmx.exposure.include=* -javaagent:D:\HK1 nam4\LapTrinhWWW\IntelliJ IDEA 2024.3\lib\idea_rt.jar=52661:D:\HK1 nam4\LapTrinhWWW\IntelliJ IDEA 2024.3\bin -Dfile.encoding=UTF-8 -Dsun.stdout.encoding=UTF-8 -Dsun.stderr.encoding=UTF-8 
java_command: com.cart.cartservice.CartServiceApplication
java_class_path (initial): D:\HK2 nam 4\KienTrucPhanMem\BaiTapLon\Medical_Supplies_BE\services\cart-service\target\classes;C:\Users\CEGROUP\.m2\repository\org\springframework\boot\spring-boot-starter-actuator\3.4.3\spring-boot-starter-actuator-3.4.3.jar;C:\Users\CEGROUP\.m2\repository\org\springframework\boot\spring-boot-starter\3.4.3\spring-boot-starter-3.4.3.jar;C:\Users\CEGROUP\.m2\repository\org\springframework\boot\spring-boot\3.4.3\spring-boot-3.4.3.jar;C:\Users\CEGROUP\.m2\repository\org\springframework\boot\spring-boot-autoconfigure\3.4.3\spring-boot-autoconfigure-3.4.3.jar;C:\Users\CEGROUP\.m2\repository\org\springframework\boot\spring-boot-starter-logging\3.4.3\spring-boot-starter-logging-3.4.3.jar;C:\Users\CEGROUP\.m2\repository\ch\qos\logback\logback-classic\1.5.16\logback-classic-1.5.16.jar;C:\Users\CEGROUP\.m2\repository\ch\qos\logback\logback-core\1.5.16\logback-core-1.5.16.jar;C:\Users\CEGROUP\.m2\repository\org\apache\logging\log4j\log4j-to-slf4j\2.24.3\log4j-to-slf4j-2.24.3.jar;C:\Users\CEGROUP\.m2\repository\org\apache\logging\log4j\log4j-api\2.24.3\log4j-api-2.24.3.jar;C:\Users\CEGROUP\.m2\repository\org\slf4j\jul-to-slf4j\2.0.16\jul-to-slf4j-2.0.16.jar;C:\Users\CEGROUP\.m2\repository\jakarta\annotation\jakarta.annotation-api\2.1.1\jakarta.annotation-api-2.1.1.jar;C:\Users\CEGROUP\.m2\repository\org\yaml\snakeyaml\2.3\snakeyaml-2.3.jar;C:\Users\CEGROUP\.m2\repository\org\springframework\boot\spring-boot-actuator-autoconfigure\3.4.3\spring-boot-actuator-autoconfigure-3.4.3.jar;C:\Users\CEGROUP\.m2\repository\org\springframework\boot\spring-boot-actuator\3.4.3\spring-boot-actuator-3.4.3.jar;C:\Users\CEGROUP\.m2\repository\com\fasterxml\jackson\datatype\jackson-datatype-jsr310\2.18.2\jackson-datatype-jsr310-2.18.2.jar;C:\Users\CEGROUP\.m2\repository\io\micrometer\micrometer-observation\1.14.4\micrometer-observation-1.14.4.jar;C:\Users\CEGROUP\.m2\repository\io\micrometer\micrometer-commons\1.14.4\micrometer-commons-1.14.4.jar;C:\Users\CEGROUP\.m2\repository\io\micrometer\micrometer-jakarta9\1.14.4\micrometer-jakarta9-1.14.4.jar;C:\Users\CEGROUP\.m2\repository\io\micrometer\micrometer-core\1.14.4\micrometer-core-1.14.4.jar;C:\Users\CEGROUP\.m2\repository\org\hdrhistogram\HdrHistogram\2.2.2\HdrHistogram-2.2.2.jar;C:\Users\CEGROUP\.m2\repository\org\latencyutils\LatencyUtils\2.0.3\LatencyUtils-2.0.3.jar;C:\Users\CEGROUP\.m2\repository\org\springframework\boot\spring-boot-starter-data-jpa\3.4.3\spring-boot-starter-data-jpa-3.4.3.jar;C:\Users\CEGROUP\.m2\repository\org\springframework\boot\spring-boot-starter-jdbc\3.4.3\spring-boot-starter-jdbc-3.4.3.jar;C:\Users\CEGROUP\.m2\repository\com\zaxxer\HikariCP\5.1.0\HikariCP-5.1.0.jar;C:\Users\CEGROUP\.m2\repository\org\springframework\spring-jdbc\6.2.3\spring-jdbc-6.2.3.jar;C:\Users\CEGROUP\.m2\repository\org\hibernate\orm\hibernate-core\6.6.8.Final\hibernate-core-6.6.8.Final.jar;C:\Users\CEGROUP\.m2\repository\jakarta\persistence\jakarta.persistence-api\3.1.0\jakarta.persistence-api-3.1.0.jar;C:\Users\CEGROUP\.m2\repository\jakarta\transaction\jakarta.transaction-api\2.0.1\jakarta.transaction-api-2.0.1.jar;C:\Users\CEGROUP\.m2\repository\org\jboss\logging\jboss-logging\3.6.1.Final\jboss-logging-3.6.1.Final.jar;C:\Users\CEGROUP\.m2\repository\org\hibernate\common\hibernate-commons-annotations\7.0.3.Final\hibernate-commons-annotations-7.0.3.Final.jar;C:\Users\CEGROUP\.m2\repository\io\smallrye\jandex\3.2.0\jandex-3.2.0.jar;C:\Users\CEGROUP\.m2\repository\com\fasterxml\classmate\1.7.0\classmate-1.7.0.jar;C:\Users\CEGROUP\.m2\repository\net\bytebuddy\byte-buddy\1.15.11\byte-buddy-1.15.11.jar;C:\Users\CEGROUP\.m2\repository\org\glassfish\jaxb\jaxb-runtime\4.0.5\jaxb-runtime-4.0.5.jar;C:\Users\CEGROUP\.m2\repository\org\glassfish\jaxb\jaxb-core\4.0.5\jaxb-core-4.0.5.jar;C:\Users\CEGROUP\.m2\repository\org\eclipse\angus\angus-activation\2.0.2\angus-activation-2.0.2.jar;C:\Users\CEGROUP\.m2\repository\org\glassfish\jaxb\txw2\4.0.5\txw2-4.0.5.jar;C:\Users\CEGROUP\.m2\repository\com\sun\istack\istack-commons-runtime\4.1.2\istack-commons-runtime-4.1.2.jar;C:\Users\CEGROUP\.m2\repository\jakarta\inject\jakarta.inject-api\2.0.1\jakarta.inject-api-2.0.1.jar;C:\Users\CEGROUP\.m2\repository\org\antlr\antlr4-runtime\4.13.0\antlr4-runtime-4.13.0.jar;C:\Users\CEGROUP\.m2\repository\org\springframework\data\spring-data-jpa\3.4.3\spring-data-jpa-3.4.3.jar;C:\Users\CEGROUP\.m2\repository\org\springframework\data\spring-data-commons\3.4.3\spring-data-commons-3.4.3.jar;C:\Users\CEGROUP\.m2\repository\org\springframework\spring-orm\6.2.3\spring-orm-6.2.3.jar;C:\Users\CEGROUP\.m2\repository\org\springframework\spring-context\6.2.3\spring-context-6.2.3.jar;C:\Users\CEGROUP\.m2\repository\org\springframework\spring-aop\6.2.3\spring-aop-6.2.3.jar;C:\Users\CEGROUP\.m2\repository\org\springframework\spring-tx\6.2.3\spring-tx-6.2.3.jar;C:\Users\CEGROUP\.m2\repository\org\springframework\spring-beans\6.2.3\spring-beans-6.2.3.jar;C:\Users\CEGROUP\.m2\repository\org\slf4j\slf4j-api\2.0.16\slf4j-api-2.0.16.jar;C:\Users\CEGROUP\.m2\repository\org\springframework\spring-aspects\6.2.3\spring-aspects-6.2.3.jar;C:\Users\CEGROUP\.m2\repository\org\aspectj\aspectjweaver\1.9.22.1\aspectjweaver-1.9.22.1.jar;C:\Users\CEGROUP\.m2\repository\org\springframework\boot\spring-boot-starter-web\3.4.3\spring-boot-starter-web-3.4.3.jar;C:\Users\CEGROUP\.m2\repository\org\springframework\boot\spring-boot-starter-json\3.4.3\spring-boot-starter-json-3.4.3.jar;C:\Users\CEGROUP\.m2\repository\com\fasterxml\jackson\datatype\jackson-datatype-jdk8\2.18.2\jackson-datatype-jdk8-2.18.2.jar;C:\Users\CEGROUP\.m2\repository\com\fasterxml\jackson\module\jackson-module-parameter-names\2.18.2\jackson-module-parameter-names-2.18.2.jar;C:\Users\CEGROUP\.m2\repository\org\springframework\boot\spring-boot-starter-tomcat\3.4.3\spring-boot-starter-tomcat-3.4.3.jar;C:\Users\CEGROUP\.m2\repository\org\apache\tomcat\embed\tomcat-embed-core\10.1.36\tomcat-embed-core-10.1.36.jar;C:\Users\CEGROUP\.m2\repository\org\apache\tomcat\embed\tomcat-embed-el\10.1.36\tomcat-embed-el-10.1.36.jar;C:\Users\CEGROUP\.m2\repository\org\apache\tomcat\embed\tomcat-embed-websocket\10.1.36\tomcat-embed-websocket-10.1.36.jar;C:\Users\CEGROUP\.m2\repository\org\springframework\spring-web\6.2.3\spring-web-6.2.3.jar;C:\Users\CEGROUP\.m2\repository\org\springframework\spring-webmvc\6.2.3\spring-webmvc-6.2.3.jar;C:\Users\CEGROUP\.m2\repository\org\springframework\spring-expression\6.2.3\spring-expression-6.2.3.jar;C:\Users\CEGROUP\.m2\repository\org\springframework\cloud\spring-cloud-starter-netflix-eureka-client\4.2.0\spring-cloud-starter-netflix-eureka-client-4.2.0.jar;C:\Users\CEGROUP\.m2\repository\org\springframework\cloud\spring-cloud-starter\4.2.0\spring-cloud-starter-4.2.0.jar;C:\Users\CEGROUP\.m2\repository\org\springframework\cloud\spring-cloud-context\4.2.0\spring-cloud-context-4.2.0.jar;C:\Users\CEGROUP\.m2\repository\org\springframework\security\spring-security-crypto\6.4.3\spring-security-crypto-6.4.3.jar;C:\Users\CEGROUP\.m2\repository\org\springframework\cloud\spring-cloud-commons\4.2.0\spring-cloud-commons-4.2.0.jar;C:\Users\CEGROUP\.m2\repository\org\bouncycastle\bcprov-jdk18on\1.78.1\bcprov-jdk18on-1.78.1.jar;C:\Users\CEGROUP\.m2\repository\org\springframework\cloud\spring-cloud-netflix-eureka-client\4.2.0\spring-cloud-netflix-eureka-client-4.2.0.jar;C:\Users\CEGROUP\.m2\repository\org\apache\httpcomponents\client5\httpclient5\5.4.2\httpclient5-5.4.2.jar;C:\Users\CEGROUP\.m2\repository\org\apache\httpcomponents\core5\httpcore5\5.3.3\httpcore5-5.3.3.jar;C:\Users\CEGROUP\.m2\repository\org\apache\httpcomponents\core5\httpcore5-h2\5.3.3\httpcore5-h2-5.3.3.jar;C:\Users\CEGROUP\.m2\repository\com\netflix\eureka\eureka-client\2.0.4\eureka-client-2.0.4.jar;C:\Users\CEGROUP\.m2\repository\com\thoughtworks\xstream\xstream\1.4.20\xstream-1.4.20.jar;C:\Users\CEGROUP\.m2\repository\io\github\x-stream\mxparser\1.2.2\mxparser-1.2.2.jar;C:\Users\CEGROUP\.m2\repository\xmlpull\xmlpull\1.1.3.1\xmlpull-1.1.3.1.jar;C:\Users\CEGROUP\.m2\repository\jakarta\ws\rs\jakarta.ws.rs-api\3.1.0\jakarta.ws.rs-api-3.1.0.jar;C:\Users\CEGROUP\.m2\repository\com\netflix\spectator\spectator-api\1.7.3\spectator-api-1.7.3.jar;C:\Users\CEGROUP\.m2\repository\org\apache\httpcomponents\httpclient\4.5.3\httpclient-4.5.3.jar;C:\Users\CEGROUP\.m2\repository\org\apache\httpcomponents\httpcore\4.4.16\httpcore-4.4.16.jar;C:\Users\CEGROUP\.m2\repository\commons-codec\commons-codec\1.17.2\commons-codec-1.17.2.jar;C:\Users\CEGROUP\.m2\repository\commons-configuration\commons-configuration\1.10\commons-configuration-1.10.jar;C:\Users\CEGROUP\.m2\repository\commons-lang\commons-lang\2.6\commons-lang-2.6.jar;C:\Users\CEGROUP\.m2\repository\com\fasterxml\jackson\core\jackson-annotations\2.18.2\jackson-annotations-2.18.2.jar;C:\Users\CEGROUP\.m2\repository\com\fasterxml\jackson\core\jackson-core\2.18.2\jackson-core-2.18.2.jar;C:\Users\CEGROUP\.m2\repository\com\netflix\netflix-commons\netflix-eventbus\0.3.0\netflix-eventbus-0.3.0.jar;C:\Users\CEGROUP\.m2\repository\com\netflix\netflix-commons\netflix-infix\0.3.0\netflix-infix-0.3.0.jar;C:\Users\CEGROUP\.m2\repository\commons-jxpath\commons-jxpath\1.3\commons-jxpath-1.3.jar;C:\Users\CEGROUP\.m2\repository\joda-time\joda-time\2.3\joda-time-2.3.jar;C:\Users\CEGROUP\.m2\repository\org\antlr\antlr-runtime\3.4\antlr-runtime-3.4.jar;C:\Users\CEGROUP\.m2\repository\org\antlr\stringtemplate\3.2.1\stringtemplate-3.2.1.jar;C:\Users\CEGROUP\.m2\repository\antlr\antlr\2.7.7\antlr-2.7.7.jar;C:\Users\CEGROUP\.m2\repository\com\google\guava\guava\14.0.1\guava-14.0.1.jar;C:\Users\CEGROUP\.m2\repository\com\google\code\gson\gson\2.11.0\gson-2.11.0.jar;C:\Users\CEGROUP\.m2\repository\com\google\errorprone\error_prone_annotations\2.27.0\error_prone_annotations-2.27.0.jar;C:\Users\CEGROUP\.m2\repository\com\netflix\servo\servo-core\0.5.3\servo-core-0.5.3.jar;C:\Users\CEGROUP\.m2\repository\org\apache\commons\commons-math\2.2\commons-math-2.2.jar;C:\Users\CEGROUP\.m2\repository\javax\annotation\javax.annotation-api\1.2\javax.annotation-api-1.2.jar;C:\Users\CEGROUP\.m2\repository\org\codehaus\jettison\jettison\1.5.4\jettison-1.5.4.jar;C:\Users\CEGROUP\.m2\repository\org\springframework\cloud\spring-cloud-starter-loadbalancer\4.2.0\spring-cloud-starter-loadbalancer-4.2.0.jar;C:\Users\CEGROUP\.m2\repository\org\springframework\cloud\spring-cloud-loadbalancer\4.2.0\spring-cloud-loadbalancer-4.2.0.jar;C:\Users\CEGROUP\.m2\repository\io\projectreactor\addons\reactor-extra\3.5.2\reactor-extra-3.5.2.jar;C:\Users\CEGROUP\.m2\repository\org\springframework\boot\spring-boot-starter-cache\3.4.3\spring-boot-starter-cache-3.4.3.jar;C:\Users\CEGROUP\.m2\repository\com\stoyanr\evictor\1.0.0\evictor-1.0.0.jar;C:\Users\CEGROUP\.m2\repository\org\springframework\cloud\spring-cloud-starter-config\4.2.0\spring-cloud-starter-config-4.2.0.jar;C:\Users\CEGROUP\.m2\repository\org\springframework\cloud\spring-cloud-config-client\4.2.0\spring-cloud-config-client-4.2.0.jar;C:\Users\CEGROUP\.m2\repository\com\fasterxml\jackson\core\jackson-databind\2.18.2\jackson-databind-2.18.2.jar;C:\Users\CEGROUP\.m2\repository\com\mysql\mysql-connector-j\9.1.0\mysql-connector-j-9.1.0.jar;C:\Users\CEGROUP\.m2\repository\jakarta\xml\bind\jakarta.xml.bind-api\4.0.2\jakarta.xml.bind-api-4.0.2.jar;C:\Users\CEGROUP\.m2\repository\jakarta\activation\jakarta.activation-api\2.1.3\jakarta.activation-api-2.1.3.jar;C:\Users\CEGROUP\.m2\repository\org\springframework\spring-core\6.2.3\spring-core-6.2.3.jar;C:\Users\CEGROUP\.m2\repository\org\springframework\spring-jcl\6.2.3\spring-jcl-6.2.3.jar;C:\Users\CEGROUP\.m2\repository\org\projectlombok\lombok\1.18.36\lombok-1.18.36.jar;C:\Users\CEGROUP\.m2\repository\org\springframework\boot\spring-boot-starter-data-redis\3.4.3\spring-boot-starter-data-redis-3.4.3.jar;C:\Users\CEGROUP\.m2\repository\org\springframework\data\spring-data-redis\3.4.3\spring-data-redis-3.4.3.jar;C:\Users\CEGROUP\.m2\repository\org\springframework\data\spring-data-keyvalue\3.4.3\spring-data-keyvalue-3.4.3.jar;C:\Users\CEGROUP\.m2\repository\org\springframework\spring-oxm\6.2.3\spring-oxm-6.2.3.jar;C:\Users\CEGROUP\.m2\repository\org\springframework\spring-context-support\6.2.3\spring-context-support-6.2.3.jar;C:\Users\CEGROUP\.m2\repository\io\lettuce\lettuce-core\6.4.2.RELEASE\lettuce-core-6.4.2.RELEASE.jar;C:\Users\CEGROUP\.m2\repository\io\netty\netty-common\4.1.118.Final\netty-common-4.1.118.Final.jar;C:\Users\CEGROUP\.m2\repository\io\netty\netty-handler\4.1.118.Final\netty-handler-4.1.118.Final.jar;C:\Users\CEGROUP\.m2\repository\io\netty\netty-resolver\4.1.118.Final\netty-resolver-4.1.118.Final.jar;C:\Users\CEGROUP\.m2\repository\io\netty\netty-buffer\4.1.118.Final\netty-buffer-4.1.118.Final.jar;C:\Users\CEGROUP\.m2\repository\io\netty\netty-transport-native-unix-common\4.1.118.Final\netty-transport-native-unix-common-4.1.118.Final.jar;C:\Users\CEGROUP\.m2\repository\io\netty\netty-codec\4.1.118.Final\netty-codec-4.1.118.Final.jar;C:\Users\CEGROUP\.m2\repository\io\netty\netty-transport\4.1.118.Final\netty-transport-4.1.118.Final.jar;C:\Users\CEGROUP\.m2\repository\io\projectreactor\reactor-core\3.7.3\reactor-core-3.7.3.jar;C:\Users\CEGROUP\.m2\repository\org\reactivestreams\reactive-streams\1.0.4\reactive-streams-1.0.4.jar
Launcher Type: SUN_STANDARD

[Global flags]
     intx CICompilerCount                          = 3                                         {product} {ergonomic}
     uint ConcGCThreads                            = 1                                         {product} {ergonomic}
     uint G1ConcRefinementThreads                  = 4                                         {product} {ergonomic}
   size_t G1HeapRegionSize                         = 1048576                                   {product} {ergonomic}
   size_t InitialHeapSize                          = 62914560                                  {product} {ergonomic}
     bool ManagementServer                         = true                                      {product} {command line}
   size_t MarkStackSize                            = 4194304                                   {product} {ergonomic}
   size_t MaxHeapSize                              = 998244352                                 {product} {ergonomic}
   size_t MaxNewSize                               = 598736896                                 {product} {ergonomic}
   size_t MinHeapDeltaBytes                        = 1048576                                   {product} {ergonomic}
   size_t MinHeapSize                              = 8388608                                   {product} {ergonomic}
    uintx NonNMethodCodeHeapSize                   = 4096                                   {pd product} {ergonomic}
    uintx NonProfiledCodeHeapSize                  = 0                                      {pd product} {ergonomic}
     bool ProfileInterpreter                       = false                                  {pd product} {command line}
    uintx ProfiledCodeHeapSize                     = 0                                      {pd product} {ergonomic}
   size_t SoftMaxHeapSize                          = 998244352                              {manageable} {ergonomic}
     intx TieredStopAtLevel                        = 1                                         {product} {command line}
     bool UseCompressedOops                        = true                           {product lp64_product} {ergonomic}
     bool UseG1GC                                  = true                                      {product} {ergonomic}
     bool UseLargePagesIndividualAllocation        = false                                  {pd product} {ergonomic}

Logging:
Log output configuration:
 #0: stdout all=warning uptime,level,tags foldmultilines=false
 #1: stderr all=off uptime,level,tags foldmultilines=false

Environment Variables:
JAVA_HOME=C:\Program Files\Java\jdk-17
PATH=C:\Program Files\Common Files\Oracle\Java\javapath;C:\Program Files\Java\jdk-18.0.2.1\bin;C:\Program Files\Java\jdk-18.0.2\bin;C:\Program Files\Java\jdk18.0.2\bin;C:\WINDOWS\system32;C:\WINDOWS;C:\WINDOWS\System32\Wbem;C:\WINDOWS\System32\WindowsPowerShell\v1.0\;C:\WINDOWS\System32\OpenSSH\;C:\Program Files\Microsoft SQL Server\Client SDK\ODBC\170\Tools\Binn\;C:\Program Files (x86)\Microsoft SQL Server\150\Tools\Binn\;C:\Program Files\Microsoft SQL Server\150\Tools\Binn\;C:\Program Files\Microsoft SQL Server\150\DTS\Binn\;C:\Program Files\Azure Data Studio\bin;C:\Program Files\MongoDB\Tools\100\bin;C:\Program Files\MongoDB\Server\5.0\bin;C:\Program Files\Java\jdk-21\bin;C:\Program Files (x86)\Microsoft SQL Server\160\Tools\Binn\;C:\Program Files\Microsoft SQL Server\160\Tools\Binn\;C:\Program Files\Microsoft SQL Server\160\DTS\Binn\;C:\Program Files\dotnet\;E:\HK1 nam4\ReactNative\nodejs;C:\Program Files\Git\cmd;D:\Python\Scripts\;D:\Python\;E:\HK1 nam4\ReactNative\nodejs;C:\Users\CEGROUP\AppData\Local\Microsoft\WindowsApps;C:\Program Files\Azure Data Studio\bin;C:\Users\CEGROUP\AppData\Local\Programs\Microsoft VS Code\bin;C:\Program Files\MongoDB\Server\5.0\bin;C:\Users\CEGROUP\.dotnet\tools;C:\Users\CEGROUP\AppData\Roaming\npm;D:\HK1 nam4\LapTrinhWWW\IntelliJ IDEA 2024.3\bin;;C:\Users\CEGROUP\AppData\Roaming\Python\Python313\Scripts;
USERNAME=CEGROUP
OS=Windows_NT
PROCESSOR_IDENTIFIER=Intel64 Family 6 Model 78 Stepping 3, GenuineIntel
TMP=C:\Users\CEGROUP\AppData\Local\Temp
TEMP=C:\Users\CEGROUP\AppData\Local\Temp




Periodic native trim disabled

---------------  S Y S T E M  ---------------

OS:
 Windows 10 , 64 bit Build 19041 (10.0.19041.5794)
OS uptime: 3 days 0:38 hours

CPU: total 4 (initial active 4) (2 cores per cpu, 2 threads per core) family 6 model 78 stepping 3 microcode 0xcc, cx8, cmov, fxsr, ht, mmx, 3dnowpref, sse, sse2, sse3, ssse3, sse4.1, sse4.2, popcnt, lzcnt, tsc, tscinvbit, avx, avx2, aes, erms, clmul, bmi1, bmi2, adx, fma, vzeroupper, clflush, clflushopt, rdtscp, f16c
Processor Information for all 4 processors :
  Max Mhz: 2000, Current Mhz: 2000, Mhz Limit: 2000

Memory: 4k page, system-wide physical 3802M (68M free)
TotalPageFile size 15578M (AvailPageFile size 6M)
current process WorkingSet (physical memory assigned to process): 174M, peak: 174M
current process commit charge ("private bytes"): 239M, peak: 239M

vm_info: Java HotSpot(TM) 64-Bit Server VM (22.0.2+9-70) for windows-amd64 JRE (22.0.2+9-70), built on 2024-06-04T16:52:23Z by "mach5one" with MS VC++ 17.6 (VS2022)

END.
